Taxa,TS1.2,TS10.2,TS100.2,TS100,TS101.2,TS103.2,TS103,TS104,TS105.2,TS105,TS106.2,TS106,TS107.2,TS107,TS109.2,TS109,TS10,TS11.2,TS110.2,TS110,TS111.2,TS111,TS115.2,TS115,TS116.2,TS116,TS117.2,TS117,TS118.2,TS118,TS119.2,TS119,TS11,TS12.2,TS120.2,TS120,TS124.2,TS124,TS125.2,TS125,TS126.2,TS126,TS127.2,TS127,TS128.2,TS128,TS129.2,TS129,TS12,TS13.2,TS130.2,TS130,TS131.2,TS131,TS132.2,TS132,TS133.2,TS133,TS134.2,TS134,TS135.2,TS135,TS136.2,TS136,TS137.2,TS137,TS138.2,TS138,TS139.2,TS139,TS13,TS140.2,TS140,TS141.2,TS141,TS142.2,TS142,TS143.2,TS143,TS144.2,TS144,TS145.2,TS145,TS146.2,TS146,TS147.2,TS147,TS148,TS149,TS14,TS15.2,TS150,TS151.2,TS151,TS152.2,TS152,TS153,TS154.2,TS155.2,TS155,TS156.2,TS156,TS15,TS160.2,TS160,TS161,TS162.2,TS162,TS163.2,TS163,TS164.2,TS164,TS165.2,TS165,TS166.2,TS166,TS167.2,TS167,TS168.2,TS168,TS169.2,TS169,TS16,TS170.2,TS178.2,TS178,TS179.2,TS179,TS17,TS180,TS181.2,TS181,TS182.2,TS182,TS183.2,TS183,TS184,TS185.2,TS185,TS186,TS19.2,TS190,TS191,TS192,TS193.2,TS193,TS194.2,TS194,TS195.2,TS195,TS19,TS1,TS2.2,TS20.2,TS20,TS21.2,TS21,TS22,TS23,TS25.2,TS25,TS26.2,TS26,TS27.2,TS27,TS28,TS29,TS2,TS3.2,TS30.2,TS30,TS31.2,TS31,TS32.2,TS32,TS33.2,TS33,TS34,TS35,TS37.2,TS37,TS38.2,TS38,TS39.2,TS39,TS3,TS4.2,TS43,TS44,TS49.2,TS49,TS4,TS5.2,TS50.2,TS50,TS51.2,TS51,TS55.2,TS55,TS56.2,TS56,TS57.2,TS57,TS5,TS6.2,TS61.2,TS61,TS62.2,TS62,TS63.2,TS63,TS64.2,TS64,TS65.2,TS65,TS66.2,TS66,TS67.2,TS67,TS68.2,TS68,TS69.2,TS69,TS6,TS7.2,TS70.2,TS70,TS71.2,TS71,TS72,TS73,TS74.2,TS74,TS75.2,TS75,TS76.2,TS76,TS77,TS78.2,TS78,TS7,TS8.2,TS82.2,TS82,TS83.2,TS83,TS84.2,TS84,TS85.2,TS85,TS86.2,TS86,TS87.2,TS87,TS88.2,TS88,TS89.2,TS89,TS8,TS9.2,TS90.2,TS90,TS91.2,TS91,TS92.2,TS92,TS94.2,TS94,TS95.2,TS95,TS96.2,TS96,TS97.2,TS97,TS98.2,TS98,TS99.2,TS9
Acetanaerobacterium,0,0,0,1,0,0,0,0,1,1,0,0,0,0,1,1,0,0,4,0,0,2,0,3,1,4,0,0,0,0,0,2,0,0,3,0,1,6,0,1,2,4,1,2,0,0,0,2,0,0,0,0,1,0,0,0,0,0,0,1,1,0,2,0,1,3,0,0,0,0,6,1,0,0,0,1,1,0,0,1,1,6,1,5,4,1,0,2,0,2,0,2,2,0,4,4,1,0,2,0,2,1,8,0,0,2,0,0,0,0,3,0,0,6,0,1,0,0,0,0,0,1,3,0,0,0,0,0,0,1,0,1,1,0,0,0,0,0,0,0,0,0,0,0,2,1,0,4,0,0,3,1,3,0,0,0,1,0,0,6,2,5,2,0,7,1,1,4,0,1,1,12,8,0,1,1,8,0,3,0,0,1,0,0,2,0,2,2,0,1,0,0,0,1,0,0,11,0,0,0,0,0,0,4,1,1,0,0,0,0,0,1,3,0,1,1,6,0,0,3,0,0,0,1,1,1,2,2,0,1,0,0,0,0,0,0,0,0,0,0,0,0,2,0,0,0,0,0,0,0,0,4,1,0,0,0,0,0,7,1,0,1,0,0,0,0,1,1,0,2,0,0,0,0,0,0,1,0
Acetivibrio,0,0,0,0,0,0,0,0,0,0,0,0,0,0,0,0,0,0,1,1,0,0,0,1,0,0,0,0,0,0,0,0,0,0,0,0,0,1,0,0,0,0,0,3,0,4,0,0,2,0,0,0,0,0,0,0,0,0,0,0,0,0,0,0,0,0,0,1,0,0,0,0,0,0,0,3,0,0,1,0,0,2,0,2,0,0,0,0,0,0,0,0,0,0,0,0,0,0,0,0,0,1,0,0,0,0,0,0,0,0,0,0,0,0,1,0,2,2,0,4,1,0,7,0,0,0,0,0,0,0,0,0,0,0,0,1,0,0,0,0,0,0,0,0,0,2,0,0,0,0,0,5,0,0,0,0,0,2,0,0,1,0,0,4,37,2,2,4,0,0,0,1,4,0,0,0,0,0,0,3,0,0,0,0,1,0,0,0,0,0,0,0,0,0,0,0,3,1,0,0,1,0,0,0,0,2,0,0,0,0,1,0,0,0,0,0,9,0,0,0,0,0,2,0,0,0,0,0,1,0,4,0,0,0,0,0,0,0,0,0,1,0,0,0,0,0,0,0,0,0,1,0,0,0,0,0,0,0,1,0,0,0,0,0,0,0,1,0,0,0,2,0,0,0,0,0,0,0
Acetobacterium,0,0,0,0,0,0,0,0,0,0,0,0,0,0,0,0,0,0,0,0,0,0,0,0,0,0,0,0,0,0,0,0,0,0,0,0,0,0,0,0,1,0,0,0,0,0,0,0,0,0,0,0,0,0,0,0,0,0,0,0,0,0,0,0,0,0,0,0,0,0,0,0,0,0,0,0,0,0,0,0,0,0,0,0,0,0,0,0,0,0,0,0,2,0,0,0,0,0,0,0,0,0,0,0,0,0,0,0,0,0,0,0,0,0,0,0,0,0,0,0,0,0,0,0,0,0,0,0,0,0,0,0,0,0,0,0,0,0,0,0,0,0,0,0,0,0,0,0,0,0,0,0,0,0,0,0,17,0,0,0,0,0,0,0,0,0,0,0,0,0,0,0,0,0,0,0,0,0,0,0,0,0,0,0,0,0,0,0,0,0,0,0,0,0,0,0,0,0,0,0,0,0,0,0,0,0,0,0,0,0,0,0,0,0,0,0,0,0,0,0,0,0,0,0,0,0,0,0,0,0,0,0,0,0,0,0,0,0,0,0,0,0,0,0,0,0,0,0,0,0,0,0,0,0,0,0,0,0,0,0,0,0,0,0,0,0,0,0,0,0,0,0,0,0,0,0,0,0
Acidaminococcus,0,0,1,0,0,0,0,0,0,0,0,0,0,11,0,0,0,0,0,0,0,0,0,2,8,53,0,0,0,0,0,0,0,0,6,0,0,0,0,0,0,0,0,0,0,0,0,0,0,0,0,0,0,0,0,0,0,0,0,0,5,14,0,0,0,0,4,16,1,0,0,0,0,8,2,0,0,21,30,24,2,0,0,0,0,0,0,0,0,0,0,0,0,0,0,0,0,0,0,0,0,0,0,0,0,0,0,0,0,0,0,0,0,0,0,0,0,0,4,1,0,0,0,0,0,2,1,0,0,0,0,0,13,0,0,0,0,0,0,16,5,0,0,0,0,0,0,0,0,0,57,0,0,0,0,11,19,0,0,0,0,0,0,0,0,0,0,0,0,0,0,0,0,2,48,0,0,0,0,19,9,0,0,0,0,0,0,23,0,0,0,0,0,0,0,56,20,0,0,0,0,0,36,0,0,0,0,0,0,0,0,0,0,0,0,0,0,0,0,0,0,0,0,0,0,0,2,0,0,0,0,0,0,0,0,0,0,0,0,3,0,0,0,0,0,0,2,23,0,0,0,1,1,2,7,16,0,0,0,0,0,1,0,0,0,0,0,0,0,0,31,15,10,6,0,11,14,0
Actinobaculum,0,0,0,0,0,0,0,0,0,0,0,0,0,0,0,0,0,0,0,0,0,0,0,0,0,0,0,0,0,0,0,0,0,0,0,0,0,0,0,0,0,0,0,0,0,0,0,0,0,0,0,0,0,0,0,0,0,0,0,0,0,0,0,0,0,0,0,0,0,0,0,0,0,0,0,0,0,0,0,0,0,0,0,0,0,0,0,0,0,0,0,0,0,0,0,0,0,0,0,0,0,0,0,0,0,0,0,0,0,0,0,0,0,0,0,0,0,0,0,0,0,0,0,0,0,0,0,0,0,0,0,0,0,0,0,0,0,0,0,0,0,0,0,0,0,0,0,0,0,0,0,0,0,0,0,0,0,0,0,0,0,0,0,0,0,0,0,1,0,0,0,0,0,0,0,0,0,0,0,0,0,0,0,0,0,0,0,0,0,0,0,0,0,0,0,0,1,0,0,0,0,0,0,0,0,0,0,0,0,0,0,0,0,0,0,0,0,0,0,0,0,0,0,0,0,0,0,0,0,0,0,0,0,0,0,0,0,0,0,0,0,0,0,0,0,0,0,0,0,0,0,0,0,0,0,0,0,0,0,0,0,0,0,0,0,0,0,0,0,0,0,0,0,0,0,0,0,0
Actinomyces,0,0,0,0,0,0,0,0,0,0,1,0,0,0,0,0,0,0,0,0,0,0,0,0,0,1,0,0,0,0,0,1,0,0,0,0,0,0,0,0,0,0,0,0,0,1,0,0,0,0,0,0,0,0,0,0,0,0,0,0,0,0,0,0,0,0,0,0,0,0,0,0,0,0,0,0,0,0,0,0,0,0,0,0,0,1,0,0,0,3,1,0,0,0,0,0,0,0,0,0,0,0,0,0,0,0,0,0,0,0,0,0,1,0,0,0,0,0,0,0,0,0,0,0,0,0,0,3,0,0,0,0,0,0,0,0,0,0,3,0,0,0,0,0,0,0,0,0,0,0,1,0,0,0,0,0,0,0,1,1,0,1,0,0,3,0,0,1,0,0,0,0,1,1,0,0,2,0,0,0,0,0,0,0,0,0,0,0,0,1,1,0,0,0,0,0,0,0,0,0,0,2,3,0,0,0,0,0,0,0,0,0,0,0,0,0,0,0,0,0,0,0,1,0,0,0,0,0,0,0,0,0,0,0,0,0,0,1,0,0,1,0,0,0,0,0,0,0,0,0,0,0,0,0,0,0,0,0,0,0,1,0,1,0,0,0,0,0,0,0,0,0,0,0,0,0,0,0
Akkermansia,1,0,1,1,1,0,0,0,0,0,0,0,0,1,2,0,0,0,0,0,2,2,0,0,0,0,0,0,0,0,0,0,0,0,0,0,0,0,12,12,0,0,0,20,0,0,7,4,1,0,0,0,0,0,0,0,0,0,0,0,1,1,4,0,0,0,0,0,0,0,0,0,0,0,0,0,0,0,0,0,0,24,15,8,0,0,0,4,0,1,0,28,8,0,13,1,3,1,0,0,0,0,17,0,0,0,0,0,0,0,0,0,1,9,0,0,1,3,1,4,4,1,0,0,0,0,0,0,0,0,0,3,0,0,0,0,0,0,0,0,0,0,0,0,0,0,0,0,9,2,0,5,4,4,18,7,12,0,0,8,0,4,6,22,1,0,0,80,0,0,0,4,20,1,0,1,39,0,0,9,1,18,0,6,8,0,0,6,0,10,0,0,1,0,0,0,108,0,0,0,0,0,0,3,0,0,0,0,0,1,5,3,0,9,0,1,48,0,0,0,0,0,14,6,0,0,0,0,0,0,10,1,0,0,0,0,0,0,0,0,0,0,0,0,0,0,0,0,1,0,0,0,0,0,0,0,0,0,6,0,0,6,0,0,0,0,2,3,4,10,0,1,0,0,0,0,0,6
Alistipes,41,0,3,23,0,30,1,51,9,2,2,4,11,26,17,21,0,16,268,41,39,65,0,7,6,14,7,36,14,13,9,2,21,0,1,0,73,29,2,19,24,12,25,180,16,46,35,32,0,48,0,0,3,4,31,58,7,27,63,17,52,43,40,22,11,26,5,2,16,10,78,1,5,25,13,150,15,44,18,70,16,312,53,205,264,201,70,51,33,28,20,3,156,112,89,88,33,7,5,5,29,5,155,4,6,34,2,19,74,49,22,11,378,330,5,41,27,50,105,43,23,24,61,2,0,0,4,2,3,9,6,10,14,76,1,45,4,23,17,1,2,25,4,426,19,3,18,28,68,71,21,120,99,58,284,0,43,18,0,151,147,212,277,30,49,33,6,303,53,157,83,133,512,36,93,4,73,4,11,114,22,74,9,56,104,67,30,20,7,15,0,61,0,0,0,39,290,0,0,0,16,0,0,3,16,5,1,15,23,23,119,356,413,156,46,186,283,9,9,9,21,13,161,36,6,19,26,22,24,20,81,35,29,1,1,11,18,2,3,4,119,9,23,0,3,1,2,0,21,0,12,11,4,8,13,13,44,14,421,45,83,43,2,0,0,0,45,26,38,85,56,15,3,1,1,15,14,137
Allisonella,0,0,2,0,1,0,0,0,0,0,0,0,0,0,0,0,0,0,0,0,0,0,0,1,1,1,3,1,0,0,0,0,0,0,1,0,0,0,0,0,0,0,0,0,0,0,0,0,0,0,0,0,0,1,0,0,0,0,0,0,0,0,0,0,0,4,0,0,0,0,0,1,0,2,3,0,0,1,1,2,0,0,0,0,0,1,1,0,0,0,0,0,0,0,1,0,0,0,0,0,0,0,0,0,0,0,0,0,0,0,0,0,0,0,0,0,0,0,0,0,0,0,0,0,1,0,0,0,0,0,0,0,0,0,1,1,0,1,1,0,0,0,0,0,0,0,0,0,0,0,0,0,0,0,0,3,0,0,0,0,0,0,0,0,0,0,0,0,0,0,0,0,0,1,4,0,0,0,0,0,0,0,0,0,0,0,0,2,0,0,0,0,0,0,0,0,0,6,10,0,0,0,0,0,0,0,0,0,0,0,0,0,0,0,0,0,0,0,0,0,0,0,0,0,0,0,0,0,0,0,3,0,0,0,0,0,0,0,7,0,0,0,0,0,0,0,0,0,0,0,0,0,1,1,0,0,0,0,1,0,0,0,6,1,0,0,0,0,0,0,0,0,0,0,0,0,0,0
Anaerobacter,0,0,0,0,0,0,0,0,0,0,0,0,0,0,0,0,0,0,0,0,0,0,0,0,0,0,0,0,0,0,0,0,0,0,0,0,0,0,0,0,1,0,0,0,0,0,0,0,0,0,0,0,0,0,0,0,0,0,0,0,0,0,0,0,0,0,0,0,0,0,0,0,0,0,0,0,0,0,0,0,0,0,0,0,0,0,0,1,0,0,0,0,0,0,0,0,0,0,0,0,0,0,0,0,0,0,0,0,0,0,0,0,0,0,0,0,0,0,0,0,0,0,0,0,0,0,0,0,0,0,0,0,0,0,0,0,0,0,0,0,0,0,0,0,0,0,0,0,0,0,0,0,0,0,0,0,0,0,0,0,0,0,0,0,0,0,0,0,0,0,0,0,0,0,0,0,0,0,0,0,0,0,0,0,0,0,0,0,0,0,0,0,0,0,0,0,0,0,0,1,0,0,0,0,0,0,0,0,0,0,0,0,0,0,0,0,0,0,0,0,0,0,0,1,0,0,0,0,0,0,0,0,0,0,0,0,3,0,0,0,0,0,0,0,0,0,0,0,0,0,0,0,0,1,0,0,0,0,0,0,0,0,0,0,0,0,0,0,0,0,0,0,0,0,0,0,0,0
Anaerobiospirillum,0,0,0,0,0,0,0,0,0,0,0,0,0,0,0,0,0,0,0,0,0,0,0,0,0,0,0,0,0,0,0,0,0,0,0,0,0,0,0,0,0,0,0,0,0,0,0,0,0,0,0,0,0,0,0,0,0,0,0,0,0,0,0,0,0,0,0,0,0,0,0,0,0,0,0,0,0,0,0,0,0,0,0,0,0,0,0,0,0,0,0,0,0,0,0,0,0,0,0,0,0,0,0,0,0,0,0,0,0,0,0,0,0,0,0,0,0,0,0,0,0,0,0,0,0,0,0,0,0,0,0,0,0,0,0,0,0,0,0,0,0,0,0,0,0,0,0,0,0,0,0,0,0,0,0,0,0,0,0,0,0,0,0,0,0,0,0,0,0,0,0,0,0,0,0,0,0,0,0,0,0,0,0,0,0,0,0,0,0,0,0,0,0,2,0,0,0,0,0,0,0,0,0,0,0,0,0,0,0,0,0,0,0,0,0,0,0,0,0,0,0,0,0,0,0,0,0,0,0,0,0,0,0,0,0,0,0,0,0,0,0,0,0,0,0,0,0,0,0,0,0,0,0,0,0,0,0,0,0,0,0,0,0,0,0,0,0,0,0,0,0,0,0,0,0,0,0,0
Anaerofilum,0,0,0,0,0,0,0,0,0,0,0,0,0,0,0,0,0,0,0,0,0,1,0,0,0,0,0,0,0,0,0,0,0,0,1,0,0,0,0,0,0,0,0,0,0,0,0,0,0,0,0,0,0,0,0,0,0,0,0,0,0,0,0,0,0,0,0,0,0,0,0,0,0,0,0,0,0,0,0,0,0,0,0,1,0,1,0,0,0,0,0,0,0,0,0,0,1,0,0,2,0,0,0,0,0,0,0,0,0,0,0,0,1,0,0,0,0,0,0,0,0,0,0,0,0,0,0,0,0,0,0,0,0,0,0,0,0,0,0,0,0,0,0,0,0,0,0,0,0,0,0,0,0,0,0,0,0,0,0,0,1,0,1,0,0,2,0,0,0,0,0,0,0,0,0,0,0,0,0,0,1,0,0,0,0,0,0,0,0,0,0,0,0,0,0,0,0,0,0,0,0,0,0,0,0,0,0,0,0,0,0,0,0,0,0,1,0,0,0,0,0,0,0,0,0,0,1,0,0,0,0,0,0,0,0,1,0,0,0,0,0,0,0,0,0,0,0,0,0,0,0,0,0,1,0,0,0,0,0,0,0,0,0,0,0,0,1,0,0,1,0,1,0,0,0,0,1,0
Anaerofustis,0,0,0,0,0,0,0,0,0,0,0,0,0,0,0,0,0,0,0,0,0,0,0,0,0,0,0,0,0,0,0,0,0,0,0,0,0,0,0,0,0,0,0,0,0,0,0,0,0,0,0,0,0,0,0,0,0,0,0,0,0,0,0,0,0,0,0,0,0,0,0,0,0,0,0,0,0,0,0,0,0,0,0,0,0,0,0,0,0,0,0,0,0,0,0,0,0,0,0,0,0,0,0,0,0,0,0,0,0,0,0,0,0,0,0,0,0,0,0,0,0,0,0,0,0,0,0,0,0,0,0,0,0,0,0,0,0,0,0,0,0,0,0,0,0,0,0,0,0,0,0,0,0,0,0,0,0,0,0,0,0,0,0,0,1,0,0,1,0,0,0,0,0,0,0,0,0,0,0,0,0,0,0,0,0,0,0,0,0,0,0,0,0,0,0,0,1,0,0,0,0,0,0,0,0,0,0,0,0,0,0,0,0,0,0,0,0,0,0,0,0,0,0,0,0,0,0,0,0,0,0,0,0,0,0,0,0,0,0,0,0,0,0,0,0,0,0,0,0,0,0,0,0,0,0,0,0,0,0,0,0,0,0,0,0,0,0,0,0,0,0,0,0,0,0,0,0,0
Anaerosporobacter,0,0,0,0,0,0,0,0,0,0,0,0,0,0,0,0,0,0,0,0,0,0,0,0,0,0,0,0,0,0,0,0,0,0,0,0,0,0,0,0,0,0,0,0,0,0,0,0,0,0,0,0,0,0,0,0,0,0,0,0,0,0,0,0,0,0,0,0,0,0,0,0,0,0,0,0,0,0,0,0,0,0,0,0,0,0,0,0,0,0,0,0,0,0,0,0,0,0,0,0,0,0,0,0,0,0,0,0,0,0,0,0,0,0,0,0,0,0,0,0,0,0,0,0,0,0,0,0,0,0,0,0,0,0,0,0,0,0,0,0,0,0,0,0,0,0,0,0,0,0,0,0,0,0,0,1,0,0,0,0,0,1,0,0,0,0,0,0,0,0,0,0,0,0,0,0,0,0,0,0,0,0,0,0,0,0,0,0,0,0,0,0,0,0,0,0,0,0,0,2,0,0,0,0,0,0,0,0,0,0,1,0,0,0,0,0,0,0,0,0,0,0,0,0,0,0,0,0,0,0,0,0,0,0,0,0,0,0,0,0,0,0,0,0,0,0,0,0,0,0,0,0,0,0,0,0,0,0,0,0,0,0,0,0,0,0,0,0,0,0,0,0,0,0,0,0,0,0
Anaerostipes,0,0,0,0,0,0,0,0,0,0,0,0,0,0,0,0,0,1,0,1,0,1,0,0,0,0,0,0,0,0,0,0,0,0,0,0,0,0,0,1,0,0,0,1,0,0,0,1,0,0,0,0,1,2,0,0,0,0,0,1,0,0,0,0,0,0,0,0,0,0,1,0,0,0,0,0,0,0,1,0,0,1,0,0,0,0,0,0,1,2,0,3,0,0,0,5,0,0,0,0,0,0,0,0,0,0,0,0,0,0,0,0,0,0,0,0,0,0,0,0,0,0,0,3,0,0,0,0,0,0,0,0,0,0,0,0,0,0,0,0,1,0,0,1,0,1,0,0,0,0,0,0,0,0,3,0,3,1,1,0,0,0,0,0,0,0,1,2,0,1,1,0,0,0,0,0,2,0,0,0,0,0,0,0,0,0,0,0,0,1,0,0,0,0,0,1,4,1,1,2,0,0,9,0,0,0,0,1,0,3,0,0,0,0,0,1,0,0,0,0,0,0,0,1,0,0,0,0,0,0,1,0,0,1,1,0,0,0,1,0,0,0,0,0,0,0,0,0,0,0,0,0,0,0,0,0,0,0,0,0,0,0,0,0,0,0,0,0,0,0,0,0,0,0,0,0,0,0
Anaerotruncus,37,9,0,0,9,1,0,1,0,0,2,0,0,0,9,0,27,10,8,10,14,9,24,1,0,63,0,0,36,11,2,1,2,0,34,2,1,2,3,5,3,3,1,305,3,6,1,1,0,0,2,1,0,3,43,0,0,6,0,0,1,4,3,4,1,4,4,18,3,18,3,5,0,0,1,2,1,2,52,76,21,14,28,120,105,49,0,44,56,3,1,2,7,2,7,8,2,5,77,5,3,2,11,0,2,0,0,3,2,2,3,4,35,13,3,1,0,0,8,3,3,24,10,8,4,3,0,2,3,2,18,44,0,2,0,47,2,4,2,2,19,0,1,1,0,1,0,0,15,14,24,103,8,13,19,7,10,0,1,2,24,4,14,4,22,10,7,53,2,2,2,3,212,1,4,1,36,2,10,11,5,5,5,0,4,7,2,3,5,0,2,0,0,0,0,0,1013,0,0,7,0,1,0,0,1,3,0,3,0,3,1,9,4,10,3,4,1,1,0,9,0,0,12,0,0,0,4,2,0,1,14,14,3,2,0,10,30,0,0,0,4,0,0,0,0,0,6,1,1,2,1,5,5,40,1,2,7,0,16,0,4,24,10,2,0,0,3,1,0,111,9,0,0,0,0,8,4,1
Arthrobacter,0,0,0,0,0,0,0,0,0,0,0,0,0,0,0,0,0,0,0,0,0,0,0,0,0,0,0,0,0,0,0,0,0,0,0,0,0,0,0,0,0,0,0,0,0,0,1,0,0,0,0,0,0,0,0,0,0,0,0,0,0,0,0,0,0,0,0,0,0,0,0,0,0,0,0,0,0,0,0,0,0,0,0,0,0,0,0,0,0,0,0,0,0,0,0,0,0,0,0,0,0,0,0,0,0,0,0,0,0,0,0,0,0,0,0,0,0,0,0,0,0,0,0,0,0,0,0,0,0,0,0,0,0,0,0,0,0,0,0,0,0,0,0,0,0,0,0,0,0,0,0,0,0,0,0,0,0,0,0,0,0,0,0,0,0,0,0,0,0,0,0,0,0,0,0,0,0,0,0,0,0,0,0,0,0,0,0,0,0,0,0,0,0,0,0,0,0,0,0,0,0,0,0,0,0,0,0,0,0,0,0,0,0,0,0,0,0,0,0,0,0,0,0,0,0,0,0,0,0,0,0,0,0,0,0,0,0,0,0,0,0,0,0,0,0,0,0,0,0,0,0,0,0,0,0,0,0,0,0,0,0,0,0,0,0,0,0,0,0,0,0,0,0,0,0,0,0,0
Asaccharobacter,0,0,0,0,0,0,0,1,0,0,1,1,1,1,0,0,0,0,2,1,1,5,0,0,0,0,0,0,0,0,1,1,0,0,0,0,0,0,0,0,0,0,0,0,0,2,0,1,0,1,0,0,0,0,0,0,0,0,0,1,0,1,0,0,0,0,0,0,0,0,0,0,0,0,0,5,3,0,0,0,0,0,0,1,4,0,0,0,0,9,0,0,0,0,0,0,0,0,0,0,2,0,1,0,0,0,0,0,0,1,0,0,0,0,1,1,0,0,0,0,0,0,0,0,0,0,0,0,0,0,0,0,0,0,0,0,0,2,0,0,0,0,0,0,0,0,0,0,0,0,0,1,1,0,0,19,8,0,0,2,0,35,7,1,3,1,0,5,0,0,0,0,2,0,1,1,0,0,0,0,0,4,0,1,0,0,5,1,0,0,0,0,0,0,0,0,0,0,0,0,0,0,0,0,1,0,0,1,0,3,0,0,0,0,3,0,1,0,2,0,2,2,0,0,2,0,1,0,0,2,1,0,2,0,0,1,0,0,0,1,5,0,0,0,0,0,0,0,3,2,0,0,0,0,1,0,0,0,1,1,0,0,0,0,0,0,1,1,0,0,1,0,1,2,0,0,0,0
Asticcacaulis,0,0,0,0,0,0,0,0,0,0,0,0,0,0,0,0,0,0,0,0,0,0,0,0,0,0,0,0,0,0,0,0,0,0,0,0,0,0,0,0,0,0,0,0,0,0,0,0,0,0,0,0,0,0,0,0,0,0,0,0,0,0,0,0,0,0,0,0,0,0,0,0,0,0,0,0,0,0,0,0,0,0,0,0,0,0,0,0,0,0,0,0,0,0,0,0,0,0,0,0,0,0,0,0,0,0,0,0,0,0,0,0,0,0,0,0,0,0,0,0,0,0,0,0,0,0,0,0,0,0,0,0,0,0,0,0,0,0,0,0,0,0,0,0,0,0,0,0,0,0,0,0,0,0,0,0,0,0,1,0,0,0,0,0,0,0,0,0,0,0,0,0,0,0,0,0,0,0,0,0,0,0,0,0,0,0,0,0,0,0,0,0,0,0,0,0,0,0,0,0,0,0,0,0,0,0,0,0,0,0,0,0,0,0,0,0,0,0,0,0,0,0,0,0,0,0,0,0,0,0,0,0,0,0,0,0,0,0,0,0,0,0,0,0,0,0,0,0,0,0,0,0,0,0,0,0,0,0,0,0,0,0,0,0,0,0,0,0,0,0,0,0,0,0,0,0,0,0
Atopobium,0,0,0,0,0,0,0,0,0,0,0,0,0,0,0,0,0,0,0,0,0,0,0,0,0,0,0,0,0,0,0,0,0,0,0,0,0,0,0,0,0,0,0,0,0,0,0,0,0,0,0,0,0,0,0,0,0,0,0,0,0,0,0,0,0,0,0,0,0,0,0,0,0,0,0,0,0,0,0,0,0,0,0,0,0,0,0,0,0,1,0,0,0,0,0,0,0,0,0,0,0,0,0,0,0,0,0,0,0,0,0,0,0,0,0,0,0,0,0,0,0,0,0,0,0,0,0,0,0,0,0,0,0,0,0,0,0,0,0,0,0,0,0,0,0,0,0,0,0,0,0,0,0,0,0,0,0,0,0,0,0,0,0,0,0,0,0,0,0,0,0,0,0,0,0,0,0,0,1,0,0,0,0,0,0,0,0,0,0,0,0,0,0,0,0,0,1,0,0,0,0,0,0,0,0,0,0,0,0,0,0,0,0,0,0,0,0,0,0,0,0,0,0,0,0,0,0,0,0,0,0,0,0,0,0,0,0,0,0,0,0,0,0,0,0,0,0,0,0,0,0,0,0,0,0,0,0,0,0,0,0,0,0,0,0,0,0,0,0,0,0,0,0,0,0,0,0,0
Bacteroides,194,227,56,555,34,552,124,415,792,60,453,275,112,292,375,709,434,613,367,99,338,342,7,32,21,224,493,359,185,754,509,517,707,254,130,3,759,507,20,726,192,33,204,356,308,1121,764,526,524,81,1110,900,606,632,913,540,895,336,314,128,655,609,154,45,86,476,280,137,338,20,1065,54,97,347,327,936,137,525,459,461,168,651,540,490,342,573,549,719,1775,97,24,29,450,387,264,479,566,219,277,279,171,352,340,29,42,256,1133,1427,513,307,584,628,403,174,22,723,59,87,435,198,193,244,1206,616,16,28,31,8,237,826,656,703,136,1482,692,1087,573,515,355,464,0,327,745,640,137,203,230,494,456,505,1075,886,268,217,620,301,1681,75,95,455,1708,547,4973,42,1103,427,44,1316,123,288,609,1562,2649,241,759,0,369,16,21,581,993,39,29,259,1529,844,772,424,42,281,256,2379,47,441,25,382,242,1194,464,0,1000,1,923,539,121,886,81,173,842,80,329,562,555,301,188,1227,372,366,122,259,698,461,808,835,47,218,253,448,532,285,945,42,170,278,234,332,857,0,539,95,864,30,59,28,565,232,12,15,563,306,304,484,27,89,641,919,610,361,1858,470,478,576,121,8,110,154,582,481,672,694,358,219,436,550,861,835,1404,2546
Barnesiella,21,0,0,5,0,5,1,0,0,0,0,0,0,0,9,6,0,0,13,15,5,26,0,0,0,0,0,0,1,0,0,0,0,0,2,1,1,1,0,1,61,5,30,60,4,8,0,3,0,23,0,0,0,0,0,0,0,0,0,0,0,0,9,10,1,6,0,0,4,3,58,5,0,3,0,0,0,2,6,0,0,1,0,44,47,0,0,9,9,1,0,0,0,0,0,0,32,7,9,3,0,0,9,0,2,0,0,0,14,9,0,0,15,23,0,0,0,0,0,0,19,3,0,0,0,0,0,0,0,0,0,0,3,17,0,27,0,12,17,0,0,7,0,0,2,0,0,0,15,10,17,71,0,18,53,0,0,0,0,0,0,0,0,12,26,0,0,1,2,21,17,0,0,22,46,4,36,0,0,5,1,19,1,42,52,1,17,13,2,0,0,37,0,0,0,20,79,0,0,0,0,0,0,1,0,0,0,0,0,0,0,0,0,59,13,39,23,3,2,5,3,4,0,2,0,8,13,1,0,0,0,4,4,0,0,4,1,0,0,0,2,10,0,0,0,0,1,1,0,0,3,10,0,4,4,6,12,8,72,0,23,43,0,0,0,0,0,0,0,0,13,3,0,0,0,0,0,0
Bifidobacterium,0,0,0,0,0,0,0,0,0,0,1,1,0,0,0,0,0,0,0,0,0,0,0,0,0,1,1,2,1,0,1,1,1,0,1,0,0,0,0,0,0,0,0,0,0,0,0,0,0,0,0,0,0,1,1,0,3,0,0,0,0,0,0,0,0,0,0,0,1,1,0,0,0,0,0,0,1,0,1,0,1,1,0,0,0,0,0,0,0,7,0,0,0,1,0,0,0,0,0,0,1,0,0,0,0,0,0,0,0,0,1,1,0,1,0,0,2,0,0,0,2,0,0,1,0,4,0,3,0,0,1,0,0,0,0,0,0,0,0,0,2,1,0,0,0,0,0,0,0,0,0,0,0,1,0,0,0,0,0,0,0,3,0,1,0,0,0,0,0,0,0,0,0,2,1,1,0,0,0,0,1,0,0,0,2,1,0,2,0,0,3,0,0,1,3,2,12,0,1,1,0,0,0,0,0,0,0,0,0,0,0,1,0,0,0,0,0,0,0,0,0,1,0,1,0,0,0,0,0,0,0,0,0,0,0,1,0,1,0,0,0,0,0,0,0,1,0,0,0,0,0,0,0,0,0,0,0,0,1,0,0,0,1,0,1,0,0,0,1,2,2,0,0,0,0,0,0,0
Brachyspira,0,0,0,0,0,0,0,0,0,0,0,0,0,0,0,0,0,0,0,0,0,0,0,0,0,0,0,0,0,0,0,0,0,0,0,0,0,0,0,0,0,0,0,0,0,0,0,0,0,0,0,0,0,0,0,0,0,0,0,0,0,0,0,0,0,0,0,0,0,0,0,0,0,0,0,0,0,0,0,0,0,0,0,0,0,0,0,0,0,0,0,0,0,0,0,0,0,0,0,0,0,0,0,0,0,0,0,0,0,0,0,0,0,0,0,0,0,0,0,0,0,0,0,0,0,0,0,0,0,0,0,0,0,0,0,0,0,0,0,0,0,0,0,0,0,0,0,0,0,0,0,0,0,0,0,0,0,0,0,0,0,0,0,0,0,0,0,0,0,0,0,0,0,0,0,0,0,0,0,0,0,0,0,0,0,0,0,0,0,0,0,0,0,0,0,0,0,0,0,0,0,0,0,0,0,0,0,0,0,0,0,0,0,0,0,0,0,0,0,0,0,0,0,0,0,0,0,0,0,0,0,0,0,0,0,0,0,0,0,0,0,0,0,0,0,0,0,0,0,0,0,0,0,1,0,0,0,0,0,0,0,0,0,0,0,0,0,0,0,0,0,0,0,0,0,0,0,0
Bradyrhizobium,0,0,0,0,0,0,0,0,0,0,0,0,0,0,0,0,0,0,0,0,0,0,0,0,0,0,0,0,0,0,0,0,0,0,0,0,0,0,0,0,0,0,0,0,0,0,0,0,0,0,0,0,0,0,0,0,0,0,0,0,0,0,0,0,0,0,0,0,0,0,0,0,0,0,0,0,0,0,0,0,0,0,0,0,0,0,0,0,0,0,0,0,0,0,0,0,0,0,0,0,0,0,0,0,0,0,0,0,0,0,0,0,0,0,0,0,0,0,0,0,0,0,0,0,0,0,0,0,0,0,0,0,0,0,0,0,0,0,0,0,0,0,0,0,0,0,0,0,0,0,0,0,0,0,0,0,0,0,0,0,0,0,0,0,0,0,0,0,0,0,0,0,0,0,0,0,0,0,0,0,0,0,0,0,0,0,0,0,0,0,0,0,0,0,0,0,1,0,0,0,0,0,0,0,0,0,0,0,0,0,0,0,0,0,0,0,0,0,0,0,0,0,0,0,0,0,0,0,0,0,0,0,0,0,0,0,0,0,0,0,0,0,0,0,0,0,0,0,0,0,0,0,0,0,0,0,0,0,0,0,0,0,0,0,0,0,0,0,0,0,0,0,0,0,0,0,0,0
Bulleidia,0,0,0,0,0,0,0,0,0,0,0,0,0,0,0,0,0,0,0,0,0,0,0,0,0,0,0,0,0,0,0,0,0,0,0,0,0,0,0,0,0,0,0,0,0,0,0,0,0,0,0,0,0,0,0,0,0,0,0,0,0,0,0,0,0,0,0,0,0,0,0,0,0,0,0,0,0,0,0,0,0,0,0,0,0,0,0,0,0,0,0,0,0,0,0,0,0,0,0,0,0,0,0,0,0,0,0,0,0,0,0,0,0,0,0,0,0,0,0,0,0,0,0,0,0,0,0,0,0,0,0,0,0,0,0,0,0,0,0,0,0,0,0,0,0,0,0,0,0,0,0,0,0,0,0,0,0,0,0,0,0,0,0,0,0,0,0,0,0,0,0,0,0,0,0,0,0,0,0,0,0,0,0,0,0,0,0,0,0,0,0,0,0,0,0,0,0,0,0,0,0,0,0,1,0,0,0,0,0,0,0,0,0,0,0,0,0,0,0,0,0,0,0,0,0,0,0,0,0,0,0,0,0,0,0,0,0,0,0,0,0,0,0,0,0,0,0,0,0,0,0,0,0,0,0,0,0,0,0,0,0,0,0,0,0,0,0,0,0,0,0,0,0,0,0,0,0,0
Butyricicoccus,1,4,0,2,0,4,1,3,0,0,1,4,0,1,4,3,0,1,2,1,1,1,1,0,0,2,2,4,3,2,3,6,2,0,2,1,0,1,0,5,1,0,7,4,1,1,2,5,1,1,3,0,3,4,3,0,6,0,2,4,1,2,1,4,1,0,1,5,1,1,0,2,3,2,4,0,1,2,7,0,2,0,0,1,1,1,2,4,12,2,0,22,0,2,1,2,7,0,1,2,6,1,40,0,6,0,1,1,1,1,1,2,0,0,2,3,0,2,4,4,4,0,0,0,3,3,1,1,0,2,1,2,2,5,6,0,1,2,3,21,0,7,1,0,13,0,0,0,8,2,0,13,0,1,12,3,14,1,0,1,4,1,5,0,2,13,1,15,3,0,4,1,4,5,13,0,3,0,3,0,2,0,4,0,6,3,0,5,1,2,0,5,2,1,3,1,7,4,4,0,5,0,0,6,3,0,0,0,1,1,2,0,0,0,3,9,0,3,0,1,8,3,1,3,0,1,2,5,1,2,5,2,1,0,0,5,1,0,3,1,12,0,5,4,6,2,1,1,3,2,1,4,0,1,1,1,10,2,10,1,2,2,4,0,3,4,3,2,6,3,0,0,1,6,7,2,0,6
Butyricimonas,1,0,0,2,0,0,0,0,0,0,0,0,0,0,4,8,0,0,3,0,1,0,2,2,6,1,4,3,6,7,8,11,0,0,8,0,0,0,0,0,8,4,1,0,0,0,3,6,0,2,0,0,0,0,0,0,0,0,0,0,2,2,6,3,0,2,0,0,0,1,2,1,1,8,1,22,7,3,2,9,3,0,0,7,7,0,0,4,8,1,0,0,0,0,3,0,0,1,1,2,0,2,0,0,2,0,0,0,0,0,0,0,16,3,0,3,0,0,11,5,0,0,4,0,0,0,0,1,1,0,1,7,2,10,0,9,0,0,0,0,0,2,0,0,0,0,0,0,0,0,0,7,0,0,0,0,0,0,0,0,0,0,0,0,0,0,0,0,0,0,0,8,33,14,17,2,11,1,4,5,2,1,0,17,8,3,1,13,0,0,0,1,0,0,0,0,0,0,0,0,4,0,0,0,5,0,0,0,0,0,0,0,0,0,0,11,8,0,0,1,0,0,0,7,1,0,0,0,0,0,0,1,1,0,0,0,0,0,0,1,11,3,0,0,0,0,1,0,0,0,0,1,0,0,0,0,10,8,16,0,6,8,0,0,1,1,0,0,0,0,1,1,0,0,0,0,0,0
Butyrivibrio,2,0,0,0,0,0,0,0,0,0,0,0,0,0,0,0,0,0,0,0,0,2,0,0,0,0,0,0,0,0,1,0,0,0,0,0,0,0,0,0,0,0,0,1,0,0,0,0,0,0,0,0,0,0,0,0,0,0,0,0,0,0,2,0,1,0,0,0,0,0,0,0,1,0,0,0,0,0,0,2,0,0,0,0,0,0,0,1,0,0,0,0,0,0,0,0,0,0,0,0,0,0,0,0,0,0,0,0,0,0,0,0,0,0,0,0,0,0,0,0,0,0,0,0,0,0,2,0,0,0,0,0,0,0,0,0,0,0,0,0,0,0,0,0,0,0,0,0,0,0,0,17,0,0,0,0,0,0,0,0,0,0,0,0,0,0,0,0,0,0,0,0,0,1,0,0,0,0,0,0,0,0,0,0,0,0,0,0,0,0,0,0,0,0,0,0,0,0,0,0,0,0,0,0,0,0,0,0,0,0,0,0,0,0,0,1,0,0,0,0,0,0,0,0,0,0,0,0,0,0,0,1,0,0,0,0,0,0,0,0,0,0,0,1,0,0,0,0,0,0,0,0,0,0,0,0,0,0,0,0,0,0,0,0,0,0,2,1,0,0,0,0,0,0,0,0,0,1
Campylobacter,0,1,0,0,0,0,0,0,0,0,0,0,0,0,0,0,0,0,0,0,0,0,0,0,0,0,0,0,0,0,0,0,0,0,0,0,0,0,0,0,0,0,0,0,0,0,0,0,0,0,0,0,0,0,0,0,0,0,0,0,0,0,0,0,0,0,0,0,0,0,0,0,0,0,0,0,0,0,0,0,0,0,0,0,0,0,0,0,0,0,0,0,0,0,0,0,0,0,1,0,0,0,0,0,0,0,0,0,0,0,0,0,0,0,0,0,0,0,0,0,0,0,0,0,0,0,0,0,0,0,0,0,0,0,0,0,0,0,0,0,0,0,0,0,0,0,0,0,0,0,0,0,0,0,0,0,0,0,0,0,0,0,0,0,0,0,0,0,0,0,3,0,1,0,0,0,0,0,0,0,0,0,0,0,0,0,0,0,0,0,0,0,0,0,0,0,0,0,0,0,0,0,0,0,0,0,0,0,0,0,0,0,0,0,0,0,0,0,0,0,0,0,0,0,0,0,0,0,0,0,0,0,0,0,0,0,0,0,0,0,0,0,0,0,0,0,0,0,0,0,0,0,0,0,0,0,0,0,0,0,0,0,0,0,0,0,0,0,0,0,0,0,0,0,0,0,0,0
Catenibacterium,0,0,139,126,0,0,0,0,0,0,0,0,184,6,0,0,0,0,0,0,0,0,52,59,71,119,0,0,0,0,0,0,0,1,0,0,0,0,0,2,22,27,0,0,3,0,0,0,0,0,0,3,0,0,0,0,100,61,0,2,0,0,0,1,0,0,0,0,126,104,0,5,5,17,5,22,31,6,0,21,14,0,0,29,41,2,0,0,0,0,0,0,30,122,0,0,0,20,0,0,0,0,0,0,0,0,0,0,0,0,0,0,61,72,0,0,0,0,0,0,135,172,0,0,60,232,28,46,0,0,99,87,139,96,316,84,0,0,0,0,0,0,0,0,0,0,0,0,0,0,0,0,0,0,0,0,0,0,0,0,0,0,0,0,0,0,0,0,0,0,0,0,0,492,457,55,615,91,15,0,0,0,1,0,3,0,0,0,0,660,768,0,0,1,0,0,0,2,0,0,0,0,0,0,0,0,0,0,0,0,0,0,0,0,0,0,0,0,0,1,0,0,0,0,0,0,0,0,0,0,0,0,0,0,0,0,0,0,47,8,0,0,0,0,0,0,164,28,0,0,0,0,110,264,12,30,0,0,0,0,0,0,181,9,0,0,10,2,25,87,0,0,0,0,0,0,0,0
Caulobacter,0,0,0,0,0,0,0,0,0,0,0,0,0,0,0,0,0,0,0,0,0,0,0,0,0,0,0,0,0,0,0,0,0,0,0,0,0,0,0,0,0,0,0,0,0,0,0,0,0,0,0,0,0,0,0,0,0,0,0,0,0,0,0,0,0,0,0,0,0,0,0,0,0,0,0,0,0,0,0,0,0,0,0,0,0,0,0,0,0,0,0,0,0,0,0,0,0,0,0,0,0,0,0,0,0,0,0,0,0,0,0,0,0,0,0,1,0,0,0,0,0,0,0,0,0,0,0,0,0,0,0,0,0,0,0,0,0,0,0,0,0,0,0,0,0,0,0,0,0,0,0,0,0,0,0,0,0,0,0,0,0,0,0,0,0,0,0,0,0,0,0,0,0,0,0,0,0,0,0,0,0,0,0,0,0,0,0,0,0,0,0,0,0,0,0,0,0,0,0,0,0,0,0,0,0,0,0,0,0,0,0,0,0,0,0,0,0,0,0,0,0,0,0,0,0,0,0,0,0,0,0,0,0,0,0,0,0,0,0,0,0,0,0,0,0,0,0,0,0,0,0,0,0,0,0,0,0,0,0,0,0,0,0,0,0,0,0,0,0,0,0,0,0,0,0,0,0,0
Citrobacter,0,0,0,0,0,0,0,0,0,0,0,0,0,0,0,0,0,0,0,0,0,0,0,0,0,0,0,0,0,0,0,0,1,0,0,0,0,0,0,0,3,0,0,0,0,0,0,0,0,0,1,0,0,0,0,0,0,0,0,0,0,0,0,0,0,0,0,0,2,0,0,5,0,0,0,1,0,0,0,0,0,0,0,0,0,0,0,0,0,0,0,2,0,0,0,0,1,0,0,0,0,0,0,0,0,0,1,0,0,0,3,1,0,0,0,0,0,0,0,0,0,0,0,0,0,5,0,0,0,1,0,0,0,1,0,0,0,0,0,0,0,0,0,0,0,0,0,0,0,0,0,0,0,0,0,0,0,4,0,0,0,0,0,0,0,0,0,0,0,0,0,0,0,0,0,0,0,0,0,0,0,0,0,0,0,1,0,0,0,0,0,0,0,6,0,0,0,0,1,27,0,0,0,2,0,0,0,0,0,0,0,0,0,0,0,0,0,0,0,0,0,0,0,0,0,0,0,0,0,0,0,0,0,0,1,0,0,0,0,0,0,0,0,0,0,0,0,0,0,0,0,0,0,0,0,0,0,0,0,0,11,2,0,0,0,1,0,0,0,0,0,0,0,0,0,4,0,0
Cloacibacillus,0,0,0,0,0,0,0,0,0,0,0,0,0,0,0,0,0,0,0,0,0,0,0,0,0,0,0,0,0,0,0,0,0,0,0,0,0,0,0,0,0,0,0,0,0,0,0,0,0,0,0,0,0,0,0,0,0,0,0,0,0,0,0,1,0,0,0,0,0,0,0,0,0,0,0,0,0,0,0,0,0,0,0,5,5,1,0,0,0,0,0,0,0,0,0,0,0,4,0,0,0,1,0,0,0,0,0,0,0,0,0,0,1,2,0,0,0,0,0,0,0,0,0,0,0,0,0,0,0,0,0,0,0,0,0,1,0,0,0,0,0,0,0,0,0,0,0,0,0,0,0,0,0,0,0,0,0,0,0,0,0,1,3,0,1,1,0,5,0,0,0,0,0,0,0,0,0,0,0,0,0,0,0,0,0,0,0,0,0,0,0,0,0,0,0,0,0,0,0,0,0,0,0,0,0,0,0,0,0,0,0,0,0,0,0,0,4,0,0,0,0,0,0,0,0,0,0,0,0,0,0,0,0,0,0,0,0,0,0,0,0,0,0,0,0,0,0,0,0,0,0,0,1,0,0,0,0,0,0,0,0,15,0,0,0,0,0,0,0,0,0,0,0,0,0,0,0,0
Clostridium,1,0,1,3,1,0,1,0,0,0,0,3,1,5,0,1,1,0,0,3,0,0,2,2,0,1,14,11,1,1,0,0,1,0,1,0,0,0,1,2,0,1,4,1,7,3,1,1,2,0,2,2,1,9,1,0,0,6,0,0,0,0,8,4,4,2,1,3,6,0,3,1,0,1,0,1,1,0,2,1,0,2,0,1,6,1,0,1,0,2,1,1,0,4,5,0,0,0,15,16,2,1,59,1,1,0,0,0,5,0,9,3,7,126,1,0,82,26,0,4,1,1,0,12,5,9,1,3,1,0,0,17,28,3,0,0,0,0,0,5,1,1,2,0,0,0,0,0,0,0,22,0,6,0,1,6,15,0,171,24,19,7,54,0,3,0,2,0,0,4,3,4,1,6,0,0,0,0,7,1,6,2,2,5,6,0,8,0,0,2,3,2,21,0,10,0,0,0,0,5,7,1,4,67,0,0,0,0,1,1,3,0,5,34,6,1,1,0,1,1,10,1,14,4,8,1,3,1,2,0,0,3,1,0,0,11,2,6,0,0,127,0,0,1,4,0,0,2,1,3,1,1,0,1,1,0,1,0,20,0,0,0,1,0,0,0,3,10,1,0,8,0,3,4,11,2,1,16
Collinsella,0,7,10,2,0,3,1,0,0,0,23,5,105,37,0,1,25,6,0,2,0,5,33,34,8,51,19,35,53,4,32,32,9,6,22,4,12,5,82,34,17,11,4,8,25,63,0,10,19,9,15,0,0,0,51,8,25,20,8,8,0,0,14,4,6,6,5,15,3,34,2,1,0,2,0,10,55,6,41,13,5,0,0,0,0,9,8,1,20,106,8,71,0,0,0,0,11,35,8,12,10,1,4,1,2,1,0,0,0,0,0,0,4,13,25,4,139,14,13,8,33,10,0,9,21,106,12,44,0,1,3,8,18,9,18,3,35,0,0,1,104,8,2,2,0,2,1,0,0,0,27,0,9,12,39,91,30,258,0,23,3,89,9,41,68,0,4,188,1,24,0,2,47,73,20,169,16,19,49,151,16,58,43,50,5,4,0,61,155,135,54,0,54,246,169,11,335,0,0,0,0,0,0,215,55,13,5,0,2,0,0,1,7,16,3,11,0,0,4,15,16,4,40,14,185,1,2,2,5,1,7,20,10,0,0,20,5,141,8,17,29,0,8,1,28,17,2,2,0,0,0,37,5,14,9,6,3,9,0,15,4,3,31,5,59,8,24,15,0,0,23,4,15,12,0,0,2,4
Coprobacillus,7,32,2,3,0,0,11,0,0,0,1,21,5,0,9,25,113,2,112,70,5,31,0,0,0,0,52,75,8,6,38,25,0,0,15,1,7,3,5,1,1,0,0,1,0,5,9,59,0,104,4,0,0,1,31,14,4,3,9,1,19,29,1,0,18,11,1,13,0,1,70,0,5,0,4,0,0,0,0,1,1,23,53,1,1,3,1,9,41,653,75,0,0,0,0,0,4,0,0,0,0,0,1,0,0,0,0,1,0,2,0,0,0,4,33,2,27,10,26,16,0,0,0,10,0,2,0,0,0,1,0,0,1,3,0,0,15,0,36,0,263,13,0,41,46,50,0,9,25,73,247,53,3,55,239,1102,862,2,24,23,124,113,62,0,10,3,0,0,86,1,0,25,271,14,0,0,2,26,6,82,20,157,50,60,29,265,7,87,0,0,11,3,551,471,243,3,82,2,0,4,57,0,0,723,0,6,1,3,1,1,46,7,12,14,20,65,13,2,24,7,27,16,161,92,7,0,2,7,23,8,2,9,2,0,1,2,8,0,1,3,36,7,7,11,12,3,0,0,15,60,0,4,0,0,3,1,0,5,53,10,0,1,5,2,26,15,0,1,0,0,0,1,41,15,8,0,0,33
Coprococcus,3,2,42,32,2,11,20,17,7,9,17,19,5,2,7,10,5,8,13,16,22,24,22,41,131,63,5,0,6,10,37,18,13,6,41,1,20,6,0,0,65,30,26,66,9,17,6,5,14,54,6,3,0,0,14,4,28,2,27,8,9,9,54,46,7,20,1,16,47,26,171,8,47,42,22,6,6,14,53,18,10,29,29,10,14,44,13,41,24,97,22,47,18,34,36,16,29,20,29,14,2,15,55,23,30,1,5,2,29,0,46,36,6,21,4,19,33,11,90,124,88,67,15,2,11,1,12,5,0,8,1,29,28,7,9,3,33,46,15,7,36,90,30,126,33,13,10,5,0,2,87,15,8,110,218,2,25,13,38,79,148,54,170,43,29,2,1,26,10,4,4,11,83,10,7,8,230,29,163,33,6,85,12,16,24,21,46,16,7,6,486,71,9,3,125,5,197,13,37,0,25,9,12,103,5,45,4,19,7,32,54,38,62,17,19,41,17,34,0,18,35,22,11,15,60,49,28,10,27,13,0,29,17,63,47,48,20,24,38,5,96,10,12,10,18,4,24,10,14,17,2,11,16,36,4,10,34,11,128,115,16,87,26,9,26,15,21,17,4,6,25,17,6,2,13,0,0,298
Coraliomargarita,0,0,0,0,0,0,0,0,0,0,0,0,0,0,0,0,0,0,0,0,0,0,0,0,0,0,0,0,0,0,0,0,0,0,0,0,0,0,0,0,0,0,0,0,0,0,0,0,0,0,0,0,0,0,0,0,0,0,0,0,0,0,0,0,0,0,0,0,0,0,0,0,0,0,0,0,0,0,0,0,0,0,0,0,0,0,0,1,0,0,0,0,0,0,0,0,0,0,1,0,0,0,0,0,0,0,0,0,0,0,0,0,0,0,0,0,0,0,0,0,0,0,0,0,0,0,0,0,0,0,0,0,0,0,0,0,0,0,0,0,0,0,0,0,0,0,0,0,0,0,0,0,0,0,0,0,0,0,0,0,0,0,0,0,0,0,0,0,0,0,0,0,0,0,0,0,0,0,0,0,0,0,0,0,0,0,0,0,0,0,0,0,0,0,0,0,0,0,0,0,0,0,0,0,0,0,0,0,0,0,0,0,0,0,0,0,0,0,0,0,0,0,0,0,0,0,0,0,0,0,0,0,0,0,0,0,0,0,0,0,0,0,0,0,0,0,0,0,0,0,0,0,0,0,0,0,0,0,0,0,0,0,0,0,0,0,0,0,1,0,0,0,0,0,0,0,0,0
Coriobacterium,0,0,0,0,0,0,0,0,0,0,0,0,0,0,0,0,0,0,0,0,0,0,0,0,0,0,0,0,0,0,0,0,0,0,0,0,0,0,0,0,0,0,0,0,0,0,0,0,0,0,0,0,0,0,0,0,0,0,0,0,0,0,0,0,0,0,0,0,0,0,0,0,0,0,0,0,0,0,0,0,0,0,0,0,0,0,0,0,0,0,0,0,0,0,0,0,0,0,0,0,0,0,0,0,0,0,0,0,0,0,0,0,0,0,0,0,0,0,0,0,0,0,1,0,0,0,0,0,0,0,0,0,0,0,0,0,0,0,0,0,0,0,0,0,0,0,0,0,0,0,0,0,0,0,0,0,0,0,0,0,0,0,0,0,0,0,0,0,0,0,0,0,0,0,0,0,0,0,0,0,0,0,0,0,0,0,0,0,0,0,0,0,0,0,0,0,0,0,0,0,0,0,0,0,0,0,0,0,0,0,0,0,0,0,0,0,0,0,0,0,0,0,0,0,0,0,0,0,0,0,0,0,0,0,0,0,0,0,0,0,0,0,0,0,0,0,0,0,0,0,0,0,0,0,0,0,0,0,0,0,0,0,0,0,0,0,0,0,0,0,0,0,0,0,0,0,0,0
Corynebacterium,0,0,0,0,0,0,0,0,0,0,0,0,0,0,0,0,0,0,0,0,0,0,0,0,0,0,0,0,0,0,0,0,0,0,0,0,0,0,0,0,0,0,0,0,0,0,0,0,0,0,0,0,0,0,0,0,0,0,0,0,0,0,0,0,0,0,0,0,0,0,0,0,0,0,0,0,0,0,0,0,0,0,0,0,0,0,0,0,0,0,0,0,0,0,0,0,0,0,0,0,0,0,0,0,0,0,0,0,0,0,0,0,0,0,0,0,0,0,0,0,0,0,0,0,0,0,0,0,0,0,0,0,0,0,0,0,0,0,0,0,0,0,0,0,0,0,0,0,0,0,1,0,0,0,0,1,0,2,0,2,0,0,0,0,0,0,0,0,0,1,0,0,0,0,0,0,0,0,0,1,0,0,0,0,0,0,0,0,0,0,0,0,0,0,0,0,1,0,0,0,0,0,0,0,0,0,0,0,0,0,0,0,0,0,0,0,0,0,0,0,0,0,0,0,0,0,0,0,0,0,0,0,0,0,0,0,0,0,0,0,0,0,0,0,0,0,0,0,0,0,0,0,0,0,0,0,0,0,0,0,0,0,0,0,0,0,0,0,0,0,0,0,0,0,0,0,0,0
Desulfocurvus,0,0,0,0,0,0,0,0,0,0,0,0,0,0,0,0,0,0,0,0,2,0,0,0,1,0,0,0,0,0,0,0,0,0,0,0,0,0,0,0,0,0,0,0,0,0,0,0,0,0,0,0,0,0,0,0,0,0,0,0,0,0,0,0,0,0,0,0,0,0,0,0,0,0,0,0,0,0,0,0,0,0,0,0,1,0,0,0,0,0,0,0,0,0,0,0,0,0,0,0,0,0,0,0,0,0,0,0,0,0,0,0,0,0,0,0,0,0,0,0,0,0,0,0,0,0,0,0,0,0,0,0,0,0,0,0,0,1,0,0,0,0,0,0,1,0,0,0,0,0,0,0,0,0,0,0,0,0,0,0,0,0,0,0,0,0,0,0,0,0,0,0,0,2,0,0,2,0,0,0,0,0,0,0,0,0,0,0,0,0,0,0,0,0,0,0,0,0,0,0,0,0,0,0,0,0,0,0,0,0,0,1,0,0,0,0,2,0,0,0,0,0,0,0,0,0,1,1,0,0,0,0,0,0,0,0,0,0,0,0,0,0,0,0,0,0,0,0,0,0,0,0,0,0,2,0,0,0,0,0,0,0,0,0,0,0,0,0,0,0,0,0,0,0,0,0,0,0
Desulfovibrio,3,0,0,0,0,0,0,0,0,0,0,0,0,0,10,4,0,0,0,0,0,1,0,0,6,12,0,0,0,2,0,0,2,0,2,0,0,1,1,2,1,0,0,1,0,0,0,0,0,9,0,0,0,0,0,0,0,0,0,0,0,0,0,0,0,3,0,0,7,1,14,0,5,1,1,2,0,0,0,1,1,0,0,0,0,0,0,7,3,1,1,0,0,0,0,0,0,2,0,0,1,0,1,1,0,0,0,0,0,0,2,2,0,0,0,0,0,0,0,0,0,0,4,1,0,0,0,0,0,0,0,0,0,0,0,0,1,0,0,0,0,0,0,0,0,1,0,0,0,1,0,4,0,0,3,0,8,7,0,0,1,0,8,0,2,0,0,0,0,2,1,0,25,33,22,0,3,2,6,0,1,0,0,4,5,0,1,0,0,0,0,4,0,0,0,0,5,0,0,0,3,0,0,0,0,1,0,0,0,1,0,0,0,4,0,10,0,0,0,0,0,0,0,0,0,0,0,0,1,0,0,0,0,0,0,0,0,0,0,0,2,5,0,0,6,1,1,7,0,0,0,0,0,0,0,3,1,0,31,0,0,0,0,0,0,0,0,0,0,0,0,0,0,1,2,0,0,0
Dialister,9,8,0,0,0,0,0,0,10,7,1,0,63,31,0,0,6,20,0,0,0,0,19,27,29,22,0,0,0,0,11,19,3,19,0,0,0,0,0,0,0,14,8,12,2,0,0,0,2,0,9,0,27,30,20,0,16,5,14,2,0,0,0,0,0,0,0,0,0,0,0,0,1,0,0,4,6,16,23,0,0,0,0,0,1,0,0,32,0,77,26,1,16,17,0,0,13,0,0,0,10,13,261,0,0,20,35,9,8,5,0,0,2,10,0,0,3,12,0,0,0,0,0,6,0,0,32,13,0,0,13,17,0,0,0,0,5,0,7,0,0,0,10,12,0,0,0,0,0,0,0,20,2,89,273,14,60,0,0,0,0,1,0,0,0,4,0,16,0,0,0,0,0,0,0,0,277,0,0,0,0,16,24,0,0,0,17,0,23,0,1,58,0,27,177,37,59,0,0,5,47,0,13,0,0,0,0,0,0,0,0,10,15,3,5,62,0,0,0,9,9,0,1,0,0,0,0,11,19,0,0,0,0,0,0,4,19,12,0,0,0,1,0,0,0,0,0,0,16,49,0,1,0,0,0,0,17,0,103,7,19,10,0,0,19,7,23,12,20,23,0,0,4,2,16,0,0,19
Dickeya,0,0,0,0,0,0,0,0,0,0,0,0,0,0,0,0,0,0,0,0,0,0,0,0,0,0,0,0,0,0,0,0,0,0,0,0,0,0,0,0,0,0,0,0,0,0,0,0,0,0,0,0,0,0,0,0,0,0,0,0,0,0,0,0,0,0,0,0,0,0,0,0,0,0,0,0,0,0,0,0,0,0,0,0,0,0,0,0,0,0,0,0,0,0,0,0,0,0,1,0,0,0,0,0,0,0,0,0,0,0,0,0,0,0,0,0,0,0,0,0,0,0,0,0,0,0,0,0,0,0,0,0,0,0,0,0,0,0,0,0,0,0,0,0,0,0,0,0,0,0,0,0,0,0,0,0,0,0,0,0,0,0,0,0,0,0,0,0,0,0,0,0,0,0,0,0,0,0,0,0,0,0,0,0,0,0,0,0,0,0,0,0,0,0,0,3,0,0,0,0,0,0,0,0,0,0,0,0,0,0,0,0,0,0,0,0,0,0,0,0,0,0,0,0,0,0,0,0,0,0,0,0,0,0,0,0,0,0,0,0,0,0,0,0,0,0,0,0,0,0,0,0,0,0,0,0,0,0,0,0,0,0,0,0,0,0,0,0,0,0,0,0,0,0,0,0,0,0
Dorea,3,17,87,86,81,42,39,23,0,0,18,41,118,58,19,8,46,15,9,15,24,31,13,20,12,20,105,55,41,26,17,26,0,31,37,1,15,68,69,5,6,5,5,46,15,16,3,7,73,24,17,2,92,134,53,24,45,32,1,10,8,15,15,25,43,42,10,94,10,108,43,2,31,16,1,26,90,12,67,30,16,7,0,23,43,144,44,26,63,598,22,229,18,12,2,1,31,11,10,25,20,5,72,8,8,9,77,89,26,23,17,7,6,27,48,16,110,31,5,7,23,19,23,15,46,122,26,71,2,6,2,4,27,103,33,15,15,5,22,11,261,0,18,40,16,4,11,2,20,34,143,5,1,46,159,51,97,76,7,10,49,63,65,6,25,46,11,11,13,0,3,24,106,80,65,62,463,48,42,59,39,24,48,29,28,22,25,55,18,134,111,3,108,40,361,21,365,103,89,0,45,4,40,347,40,28,10,51,11,25,17,23,17,7,29,43,5,42,1,23,20,14,2,54,55,7,11,12,79,4,28,24,74,0,0,64,14,5,31,15,90,1,12,18,51,15,43,0,10,45,20,20,39,28,5,22,26,27,107,9,25,25,69,22,96,21,10,0,6,7,7,2,69,21,15,35,1,22
Dysgonomonas,0,0,0,0,0,0,0,0,0,0,0,0,0,0,0,0,0,0,0,0,0,0,0,0,0,0,0,0,0,0,0,0,0,0,0,0,0,0,0,0,0,0,0,0,0,0,0,0,0,0,0,0,0,0,0,0,0,0,0,0,0,0,0,0,0,0,0,0,0,0,0,0,0,0,0,0,0,0,0,0,0,0,0,0,0,0,0,0,0,0,0,0,0,0,0,0,0,0,0,0,0,0,0,0,0,0,0,0,0,0,0,1,0,0,0,0,0,0,0,0,0,0,0,0,0,0,0,0,0,0,0,0,0,0,0,0,0,0,0,0,0,0,0,0,0,0,0,0,0,0,0,0,0,0,0,0,0,0,0,0,0,0,0,0,0,0,0,0,0,0,0,0,0,0,0,0,0,0,0,0,0,0,0,0,0,0,0,0,0,0,0,0,0,0,0,0,0,0,0,0,0,0,0,1,0,0,0,0,0,0,0,0,0,0,0,0,0,0,0,0,0,0,0,0,0,0,0,0,0,0,0,0,0,0,0,0,0,0,0,0,0,0,0,0,0,0,0,0,0,0,0,0,0,0,0,0,0,0,0,0,0,0,0,0,0,0,0,0,0,0,0,0,0,0,0,0,0,0
Eggerthella,0,2,1,1,3,0,0,1,0,1,1,0,0,2,0,0,0,0,1,2,0,0,0,0,0,0,0,1,0,0,0,0,0,0,0,0,1,1,1,1,0,0,0,5,0,0,0,0,0,1,0,0,5,5,1,2,0,0,1,0,1,3,1,2,0,0,0,0,0,0,2,0,0,0,0,0,0,1,0,0,0,4,1,0,0,2,2,0,0,70,0,0,2,4,3,4,0,0,2,4,0,0,0,0,0,0,1,6,1,1,5,1,3,5,33,0,2,0,1,0,0,0,4,1,0,2,1,0,0,0,0,1,0,0,0,0,0,0,2,2,0,0,0,0,1,0,0,0,0,0,2,0,0,2,1,0,1,21,26,7,0,20,5,2,0,1,0,2,0,4,1,1,3,0,0,0,0,2,0,3,0,0,0,0,0,1,1,2,3,2,3,2,7,5,1,0,16,5,6,0,0,0,1,16,1,0,0,14,2,0,5,0,1,0,1,2,0,1,0,0,0,0,3,1,0,0,0,0,0,0,1,1,2,4,2,0,0,2,0,0,0,1,2,0,0,0,12,1,0,1,0,0,2,0,1,2,0,0,0,1,2,0,0,0,3,0,0,2,0,1,0,1,1,0,0,0,1,0
Enterobacter,0,0,0,0,0,0,0,0,0,0,0,0,0,0,0,0,0,0,0,0,0,0,0,0,0,0,0,0,0,0,0,0,0,0,0,0,0,0,0,0,0,0,0,0,0,0,0,0,0,0,0,0,0,0,0,0,0,0,0,0,0,0,0,0,0,0,0,0,0,1,0,0,0,0,0,0,0,0,0,0,0,0,0,0,0,0,0,0,0,0,0,0,0,0,0,0,0,0,0,0,0,0,0,0,0,0,0,0,0,0,0,0,0,0,1,0,0,0,0,0,0,0,0,0,0,0,0,0,0,0,0,0,0,0,0,0,0,0,0,0,0,0,0,0,0,0,0,0,0,0,0,0,0,0,0,0,0,0,0,0,0,0,0,0,2,0,0,1,0,0,0,0,0,0,0,0,0,0,0,0,0,0,0,0,0,0,0,0,0,0,0,0,0,0,0,0,0,0,0,0,0,0,0,0,0,0,0,0,0,0,0,0,0,0,0,0,0,0,0,0,0,0,0,0,0,0,0,0,0,0,0,0,0,0,0,0,0,0,0,0,0,0,0,0,0,0,0,0,0,0,0,0,0,0,0,0,0,0,0,0,0,0,0,0,0,0,0,0,0,0,0,0,0,0,0,0,0,0
Enterococcus,0,0,0,0,0,0,11,0,0,0,0,0,0,0,0,0,0,0,0,0,0,0,0,0,0,0,0,0,0,0,0,0,0,0,0,0,0,0,0,0,31,0,0,0,0,0,0,1,0,0,0,0,0,0,0,0,0,0,0,0,0,0,0,0,1,0,0,0,0,0,0,0,0,0,0,0,0,0,2,0,0,0,0,0,0,0,0,0,0,0,0,0,0,0,0,0,0,0,1,0,0,0,0,0,0,0,0,0,0,0,0,0,0,0,0,0,0,0,0,0,0,0,0,1,0,0,0,0,0,0,0,0,0,0,0,0,0,0,0,0,0,0,0,0,0,0,0,0,0,0,0,0,3,0,0,0,0,0,0,0,0,0,0,0,0,0,0,0,0,0,0,0,0,0,0,0,0,0,0,0,0,0,0,0,0,37,0,0,0,0,0,0,0,0,0,0,0,0,0,32,0,0,3,0,0,0,0,0,0,0,0,0,0,0,0,0,0,0,0,0,0,0,0,0,0,0,0,0,0,0,0,0,0,0,0,0,0,0,0,0,0,0,0,0,0,0,0,0,0,0,0,0,0,0,0,0,0,0,0,0,0,0,0,0,0,0,0,0,1,0,0,0,0,0,0,0,0,0
Enterorhabdus,0,0,0,0,0,0,0,0,0,0,0,0,0,0,0,0,0,0,0,0,0,0,0,0,0,0,0,0,0,0,0,0,0,0,0,0,0,0,0,0,0,0,0,0,0,0,0,0,0,0,0,0,0,0,0,0,0,0,0,0,0,0,0,0,0,0,0,0,0,0,0,0,0,0,0,1,0,0,0,0,0,0,0,0,0,0,0,0,0,0,0,0,0,0,0,0,0,0,0,0,0,0,0,0,0,0,0,0,0,0,0,0,0,0,0,0,0,0,0,0,0,0,0,0,0,0,0,0,0,0,0,0,0,0,0,0,0,0,0,0,0,0,0,0,0,0,0,0,0,0,0,0,0,0,0,0,0,0,0,1,0,0,0,0,0,0,0,0,0,0,0,0,0,0,0,0,0,0,0,0,0,0,0,0,0,0,0,0,0,0,0,0,0,0,0,0,0,0,0,0,0,0,0,0,0,0,0,0,0,0,0,0,0,0,0,0,0,0,0,0,0,0,0,0,0,0,0,0,0,0,0,0,0,0,0,0,0,0,0,0,0,0,0,0,0,0,0,0,0,0,0,0,0,0,0,0,0,0,0,0,0,1,0,0,0,0,0,0,0,0,0,0,0,0,0,0,0,0
Escherichia/Shigella,0,0,0,0,0,0,0,0,0,0,0,0,0,0,0,0,0,0,0,0,0,0,0,0,0,0,0,0,0,0,0,0,0,0,0,0,0,0,0,0,0,0,0,0,0,0,0,0,0,0,0,0,3,0,0,0,0,0,0,0,0,0,0,0,0,0,0,0,0,0,0,0,0,0,0,0,0,0,0,0,0,0,0,0,0,0,0,0,0,0,0,1,0,0,0,0,0,0,0,0,0,0,0,0,0,0,0,0,0,0,0,0,0,0,0,0,0,0,0,0,0,0,0,14,0,1,0,0,0,0,0,0,0,0,0,0,0,0,0,0,0,0,0,0,0,0,0,0,2,0,0,0,0,0,0,0,3,0,0,0,0,5,0,0,0,0,0,0,0,0,0,0,0,0,0,0,0,0,0,0,0,0,0,0,1,1,0,0,0,2,0,0,0,0,0,0,0,0,0,0,1,0,0,0,0,0,0,0,0,0,0,0,0,0,0,0,0,0,0,0,0,0,15,0,0,0,0,0,0,0,0,0,0,0,0,0,0,1,0,0,0,0,0,0,0,0,0,0,0,0,0,0,0,0,0,0,0,0,0,0,0,0,0,0,0,0,1,0,0,0,0,0,0,0,0,0,0,0
Ethanoligenens,0,0,0,0,0,0,0,0,0,0,0,0,0,0,0,0,0,0,0,0,0,0,0,0,0,0,0,0,0,0,0,0,0,0,0,0,0,0,0,0,0,0,0,0,0,0,0,0,0,0,0,0,0,0,0,0,0,0,0,0,0,0,0,0,0,0,0,0,0,0,0,0,0,0,0,0,0,0,0,0,0,2,0,0,0,1,0,0,0,1,0,0,0,0,0,0,0,0,0,1,0,0,0,0,0,0,0,0,0,0,0,0,1,0,0,0,0,0,0,0,0,0,0,0,0,0,0,0,1,0,0,0,0,0,0,0,0,0,0,0,0,0,0,0,0,0,0,0,0,0,0,0,0,1,0,0,0,0,0,17,0,0,0,0,0,0,0,1,0,0,0,0,1,0,0,0,0,0,0,0,0,0,0,0,0,0,0,0,0,0,0,0,0,0,0,0,0,0,0,0,0,0,0,0,0,0,0,0,0,0,0,0,1,0,0,0,0,0,0,0,0,0,0,0,0,0,0,0,3,0,0,0,0,0,0,0,0,0,0,0,0,0,0,0,0,0,1,0,0,0,0,0,0,0,0,0,0,0,1,0,0,0,0,0,0,0,0,0,0,0,0,0,0,0,0,0,0,0
Eubacterium,2,0,63,110,148,0,0,0,2,0,0,0,124,51,4,0,1,3,6,0,0,0,8,13,29,50,1,6,120,54,1,2,0,0,107,1,8,28,1,0,18,7,0,0,1,3,0,0,2,0,2,8,0,4,0,1,0,0,4,0,2,1,21,23,88,23,0,0,104,85,0,6,50,42,35,51,105,1,1,9,13,0,0,15,23,0,0,1,1,0,0,0,1,0,9,7,0,2,23,6,19,31,0,2,3,0,0,9,2,14,149,114,0,4,113,27,0,0,0,0,87,107,0,124,69,110,35,124,1,0,4,0,1,1,0,2,0,0,1,36,0,0,44,0,0,1,0,0,4,1,10,2,0,0,12,1,9,10,7,0,0,0,0,45,115,6,1,2,0,0,0,28,123,58,18,255,492,1,114,40,49,40,34,3,0,0,9,0,27,234,543,4,1,0,2,4,3,7,3,12,1,0,1,8,0,5,2,6,0,1,2,19,41,0,1,0,1,0,0,28,31,0,0,1,327,0,0,2,0,0,30,34,30,3,5,347,0,9,75,17,596,8,0,0,0,0,34,11,5,4,10,23,17,30,0,4,37,23,119,0,0,0,61,8,1,0,27,12,20,77,2,0,1,0,0,3,4,0
Faecalibacterium,83,93,89,126,34,261,33,131,138,18,149,115,327,76,145,143,361,248,484,40,188,123,115,238,137,136,247,332,123,295,153,13,281,295,178,4,124,29,21,32,88,77,157,37,338,500,258,119,132,90,203,200,12,39,83,84,315,229,301,120,64,167,215,138,37,391,72,119,146,251,648,325,686,322,488,165,191,348,229,124,185,67,116,92,204,248,145,392,989,843,349,0,158,235,105,97,328,23,20,43,284,152,901,176,218,405,325,110,534,187,335,190,59,7,17,159,22,128,115,94,169,292,443,42,128,72,228,131,44,196,230,85,527,504,8,103,30,389,488,324,2,272,129,58,202,97,264,149,83,171,133,460,120,404,1546,54,522,109,27,139,133,179,312,35,35,930,113,394,168,231,575,239,1626,322,840,46,768,119,361,387,94,247,33,147,454,511,90,48,46,3,51,176,62,59,61,71,39,165,113,0,429,0,30,403,252,116,7,96,78,87,60,220,263,180,119,467,68,208,66,372,364,228,140,828,369,343,137,318,93,71,188,81,280,0,0,369,439,387,260,172,821,69,484,255,410,297,55,271,190,65,333,586,91,70,179,18,657,155,1995,207,93,139,100,51,390,455,70,143,274,181,292,202,110,264,252,573,122,713
Fusobacterium,0,0,0,0,0,0,0,0,0,0,0,0,0,0,0,0,0,0,0,0,0,0,0,0,0,1,0,0,0,0,0,0,0,0,0,0,0,0,0,0,0,0,0,0,0,0,0,0,0,0,0,0,0,0,0,0,0,0,0,0,0,0,0,0,0,0,0,0,0,0,0,6,0,0,0,0,0,0,0,0,0,0,0,0,0,0,0,0,0,0,0,0,0,0,0,0,0,0,1,0,0,0,0,0,0,0,0,0,0,0,0,0,0,0,0,0,0,0,0,0,0,0,0,0,0,0,0,0,0,0,0,0,0,0,0,0,0,0,0,0,0,0,0,0,0,0,0,0,0,0,0,0,0,0,0,0,0,0,0,0,0,0,0,0,0,0,0,0,0,0,0,0,0,0,0,0,0,0,0,0,0,0,0,0,0,0,0,0,0,0,0,0,0,0,0,0,1,0,0,17,0,0,0,0,0,0,0,0,0,0,0,0,0,0,0,0,0,0,0,0,0,0,0,0,0,0,0,0,0,0,0,0,0,0,0,0,0,0,0,0,0,0,0,0,0,0,0,0,0,0,0,0,0,0,0,0,0,0,0,0,0,0,0,0,0,0,1,0,0,1,0,0,0,0,0,0,0,0
Gemella,0,0,0,0,0,0,0,0,0,0,0,0,1,0,0,0,0,0,0,0,0,0,0,0,0,0,0,0,0,0,0,0,0,0,0,0,0,0,0,0,1,0,0,0,0,0,0,0,0,0,0,0,0,0,0,0,0,0,0,0,0,0,0,0,0,0,0,0,0,0,0,0,0,0,0,0,0,0,0,0,0,0,0,0,0,0,0,0,0,0,0,0,0,0,0,0,0,0,0,0,0,0,0,0,0,0,0,0,0,0,1,0,0,0,0,0,0,0,0,0,0,0,0,0,0,0,0,0,0,0,0,0,0,0,0,0,0,0,0,0,0,0,0,0,0,0,0,0,1,0,0,0,0,0,0,0,0,0,0,0,0,0,0,0,0,0,0,0,0,0,0,0,0,0,0,0,0,0,0,0,0,0,0,0,0,0,0,0,0,0,0,0,0,0,0,0,0,0,0,0,0,0,0,0,0,0,0,0,0,0,0,0,0,0,0,0,0,0,0,0,0,0,0,0,0,0,0,0,0,0,0,0,0,0,0,0,0,0,0,0,0,0,0,0,0,0,0,0,0,0,0,0,0,0,0,0,0,0,0,0,0,1,0,0,0,0,0,0,0,0,0,0,0,0,0,0,0,0
Geosporobacter,0,0,0,0,0,0,0,0,0,0,0,0,0,0,0,0,0,0,0,0,0,0,0,0,0,0,0,0,0,0,0,0,0,0,0,0,0,0,0,0,0,0,0,0,0,0,0,0,0,0,0,0,0,0,0,0,0,0,0,0,0,0,0,0,0,0,0,0,0,0,0,0,0,0,0,0,0,0,0,0,0,0,0,0,0,0,0,0,0,0,0,0,0,0,0,0,0,0,0,0,0,0,0,0,0,0,0,0,0,0,0,0,0,0,0,0,0,0,0,0,0,0,0,0,0,0,0,0,0,0,0,0,0,0,0,0,0,0,0,0,0,0,0,0,0,0,0,0,0,0,0,0,0,0,0,0,0,0,0,0,0,0,0,0,0,0,0,0,0,0,0,0,0,0,0,0,0,0,0,0,0,0,0,0,0,0,0,0,0,0,0,0,0,0,0,0,0,0,0,0,0,0,0,0,0,0,0,0,0,0,0,0,0,0,0,0,0,0,0,0,0,0,0,0,0,0,0,0,0,0,0,0,2,0,0,0,0,0,0,0,0,0,0,0,0,0,0,0,0,0,0,0,0,0,0,0,0,0,0,0,0,0,0,0,0,0,0,0,0,0,0,0,0,0,0,0,0,0
Gordonibacter,0,0,0,0,1,0,0,0,0,0,0,0,0,0,1,0,0,0,0,0,0,2,0,0,0,0,0,0,0,0,0,0,0,1,0,0,0,0,0,0,0,0,0,0,1,0,0,0,0,0,0,0,0,0,0,0,0,0,0,0,0,0,1,0,0,0,0,0,0,0,0,0,0,0,0,0,0,0,0,0,0,0,0,0,0,1,0,0,2,1,2,2,0,0,0,0,0,0,0,0,0,0,0,0,0,0,0,0,0,0,0,0,0,0,0,0,4,1,2,3,0,0,0,0,0,0,0,0,0,0,0,0,0,0,0,0,0,0,0,0,0,0,0,0,0,0,0,0,0,0,0,5,0,0,0,0,3,2,0,4,1,1,1,1,0,0,0,6,0,0,0,0,0,1,0,1,2,0,0,0,0,0,0,0,0,1,0,2,0,0,0,0,0,0,0,0,0,0,0,0,0,0,0,0,0,0,0,1,0,0,0,0,0,0,0,2,0,0,0,0,0,0,0,1,0,0,0,0,0,0,0,0,0,0,0,1,0,0,0,0,0,0,0,0,0,0,0,0,0,0,0,0,0,0,0,0,0,0,0,0,0,0,0,0,0,0,0,1,0,0,0,0,0,0,0,0,0,0
Granulicatella,0,0,0,0,0,0,1,0,0,0,0,0,0,0,0,1,1,0,0,0,0,0,0,0,0,0,0,0,0,0,0,0,0,0,0,0,0,0,0,0,0,0,0,0,0,0,0,1,0,0,0,0,0,0,0,0,0,0,0,0,0,0,0,0,0,0,0,0,0,0,0,0,0,0,0,0,0,0,0,0,0,0,0,0,0,0,0,0,0,1,0,0,0,0,0,0,0,0,0,0,0,0,0,0,0,0,0,0,0,0,1,0,0,0,0,0,0,0,0,0,0,0,0,0,0,0,0,0,0,0,0,0,1,0,0,0,0,0,0,0,0,0,0,0,0,0,0,0,0,0,0,0,0,1,0,0,0,0,0,0,0,0,0,0,0,0,0,0,0,0,0,0,0,0,0,0,0,0,0,0,0,0,0,0,0,0,0,0,0,0,0,0,0,0,0,0,0,0,0,0,0,0,1,0,0,0,0,0,0,0,0,0,0,0,0,0,0,0,0,0,0,0,0,0,0,0,0,0,1,0,0,0,0,0,0,0,0,0,0,0,0,0,0,0,0,0,0,0,0,0,0,0,0,0,0,0,0,0,0,0,0,0,0,0,0,0,0,0,0,0,0,0,1,0,0,0,0,0
Haemophilus,0,0,0,0,0,0,0,0,0,0,0,0,0,0,0,0,2,0,0,0,0,0,0,0,0,0,0,0,0,0,0,0,0,0,0,0,0,0,0,0,0,0,1,0,1,1,0,0,0,0,0,0,0,0,0,0,0,0,0,0,0,0,0,0,0,0,0,0,0,0,0,0,0,0,2,0,0,1,0,1,1,0,0,0,0,0,0,0,0,0,0,0,0,0,0,0,0,0,0,0,0,0,0,0,0,0,0,0,0,0,0,0,1,0,0,0,0,0,0,0,0,1,0,0,0,0,0,0,0,0,0,0,0,0,0,0,0,1,0,0,0,0,0,0,0,0,0,0,0,0,0,0,0,0,0,0,0,0,0,0,0,0,0,0,0,0,0,0,0,0,0,0,0,0,0,0,0,0,0,0,0,0,0,1,0,0,0,0,0,0,0,0,0,0,0,0,0,0,0,0,0,0,0,0,0,0,0,0,0,0,0,0,0,0,0,0,0,0,0,0,0,0,0,0,0,0,0,0,0,0,0,0,1,0,0,1,0,0,3,0,0,0,0,0,0,0,0,0,0,0,0,0,0,0,0,0,0,0,0,0,0,0,0,0,0,0,0,1,0,0,0,0,0,0,0,0,0,0
Hallella,0,0,0,0,0,0,0,0,0,0,0,0,0,0,0,0,0,0,0,0,0,0,0,0,0,0,0,0,0,0,0,0,0,0,0,0,0,0,0,0,0,0,0,0,0,0,0,0,0,0,0,0,0,0,0,0,0,0,0,0,0,0,0,0,0,0,0,0,0,0,0,0,0,0,0,0,0,0,0,0,0,0,0,0,0,0,0,0,0,0,0,0,0,0,0,0,0,0,13,0,0,0,0,0,0,0,0,0,0,0,0,0,0,0,0,0,0,0,0,0,0,0,0,0,0,0,0,0,0,0,0,0,0,0,0,0,0,0,0,0,0,0,0,0,0,0,0,0,0,0,0,0,0,0,0,0,0,0,0,0,0,0,0,0,0,0,0,0,0,0,0,0,0,0,0,0,0,0,0,0,0,0,0,0,0,0,0,0,0,0,0,0,0,0,0,0,0,0,0,0,0,0,0,0,0,0,0,0,0,0,0,0,0,0,0,0,0,0,0,0,0,0,0,0,0,0,0,0,0,0,0,0,0,0,0,0,0,0,0,0,0,0,0,0,0,0,0,0,0,0,0,0,0,0,0,0,0,0,0,0,0,0,0,0,0,0,0,0,0,0,0,0,0,0,0,0,0,0
Hespellia,0,0,34,0,1,16,3,3,0,31,8,1,0,2,0,0,0,7,18,0,1,23,0,0,1,0,0,3,0,1,5,4,6,0,0,0,1,34,25,22,12,3,0,0,1,0,0,0,4,4,17,20,27,15,2,38,2,2,20,21,2,3,0,0,0,0,6,8,1,23,11,0,0,9,0,29,1,12,1,0,0,1,0,1,0,79,4,0,2,9,0,53,15,0,38,2,7,6,7,0,1,1,0,0,0,0,4,90,3,2,75,1,1,4,2,15,2,8,22,2,0,5,10,8,0,0,0,0,0,0,5,0,0,0,2,8,7,0,1,0,4,7,13,20,4,4,0,0,0,1,274,7,1,2,5,31,14,122,8,85,60,17,87,1,176,35,26,340,22,27,53,57,1,4,1,1,98,0,2,0,3,1,5,1,6,35,17,8,7,37,52,115,11,20,84,24,272,24,32,2,6,0,11,114,28,27,0,80,28,12,13,0,7,3,1,1,10,2,3,1,17,0,0,96,37,0,0,2,8,0,36,1,20,75,3,0,2,0,0,0,61,2,0,1,0,0,4,0,0,0,0,3,0,0,4,11,0,1,0,29,20,14,3,1,1,2,2,0,1,0,1,0,51,22,18,3,1,86
Holdemania,0,0,0,0,0,0,0,1,0,0,0,0,0,0,0,1,0,1,0,1,2,2,0,0,0,0,1,0,0,4,1,0,0,0,0,0,1,2,3,1,1,0,1,1,3,2,2,0,0,0,0,1,0,0,1,1,2,0,1,1,0,0,0,1,0,0,0,0,1,0,3,0,0,0,0,0,0,0,1,0,0,2,1,1,2,1,1,1,3,1,0,0,0,0,0,2,0,1,1,1,0,0,0,0,0,0,0,0,0,1,1,1,1,1,0,0,0,0,1,0,0,0,1,0,0,0,0,0,0,1,0,1,0,0,0,1,0,0,0,0,0,0,0,0,0,0,1,1,1,0,2,0,1,0,5,0,7,0,0,1,3,0,0,1,1,0,1,2,2,3,1,3,5,0,3,0,0,0,0,1,1,0,2,0,2,3,1,0,0,0,6,2,0,0,0,0,8,1,1,0,0,0,0,1,0,2,1,1,1,2,2,0,1,0,0,3,0,1,0,1,0,0,1,3,0,0,0,1,0,1,0,1,2,0,0,0,0,0,0,0,0,0,0,0,0,0,0,0,0,1,0,0,0,0,0,0,0,0,0,1,0,1,0,1,1,0,0,0,1,1,0,1,0,0,0,0,1,1
Hydrogenoanaerobacterium,0,0,0,0,0,0,0,0,0,0,0,0,0,0,0,0,0,0,0,0,0,0,0,0,0,0,0,0,0,0,0,0,0,0,0,0,0,0,0,0,0,0,0,0,0,0,0,0,0,2,0,0,0,0,0,0,0,0,0,0,0,0,0,0,0,0,0,0,0,0,0,0,0,0,0,0,0,0,0,0,0,0,0,0,0,0,0,0,0,0,0,0,0,0,0,0,0,0,0,0,0,0,0,0,0,0,0,0,0,0,0,0,0,0,0,0,0,0,0,0,0,0,0,0,0,0,0,0,0,0,0,0,0,0,0,0,0,0,0,0,0,0,0,0,0,0,0,0,0,0,0,0,0,0,0,0,0,0,0,0,0,1,0,0,0,1,0,0,0,0,0,0,0,0,0,0,1,0,0,0,0,0,0,0,0,0,0,0,0,0,0,0,0,0,0,0,0,0,0,0,0,0,0,0,0,0,0,0,0,0,0,0,0,0,0,0,0,0,0,0,0,0,0,0,0,0,0,0,0,0,0,0,0,0,0,0,0,0,0,0,0,0,0,0,0,0,0,0,0,0,0,0,0,0,0,0,0,0,0,0,0,0,0,0,0,0,0,0,1,0,0,0,0,0,0,0,0,0
Klebsiella,0,0,0,0,0,0,3,0,0,0,0,0,0,0,0,0,0,0,0,0,0,0,0,0,0,0,0,0,0,0,0,0,0,0,0,0,0,0,0,0,0,0,0,0,1,0,0,1,0,0,0,0,0,0,0,0,0,0,0,0,0,0,0,0,0,0,0,0,0,0,0,0,0,0,0,0,0,1,0,0,0,0,0,0,0,0,2,0,0,0,2,0,0,0,0,0,0,0,0,0,0,0,0,0,0,0,0,0,0,0,0,0,0,0,0,0,0,0,0,0,0,0,0,1,0,0,0,0,0,0,0,0,0,0,8,0,0,0,0,0,0,0,0,0,0,0,0,0,0,0,0,0,0,0,0,0,0,0,0,4,0,4,0,0,1,0,0,0,0,0,0,0,0,0,0,0,0,0,0,0,0,0,0,0,0,0,0,0,0,0,0,0,0,1,0,0,0,0,0,0,0,0,0,0,0,0,0,0,0,0,0,0,0,0,0,1,0,0,0,0,0,0,0,0,0,0,0,0,0,0,0,0,0,0,0,0,0,0,0,0,0,0,0,0,0,0,0,0,0,0,0,0,0,0,0,0,0,0,0,0,14,7,0,0,0,0,0,0,0,0,3,0,0,0,0,0,0,0
Lachnobacterium,0,0,0,0,0,0,0,0,0,0,0,0,0,0,5,0,6,0,7,0,0,0,0,0,2,10,0,1,0,0,0,0,0,0,0,0,0,0,0,0,3,0,0,0,18,0,41,0,0,0,0,0,0,0,0,0,0,0,0,0,0,0,0,0,0,2,2,0,0,0,73,2,11,0,0,0,0,0,0,0,0,0,0,2,0,0,0,0,0,0,0,2,0,0,0,0,0,0,0,0,0,15,123,0,0,0,0,0,0,0,0,10,0,6,0,0,1,2,0,19,2,0,46,0,0,0,0,0,0,3,0,0,0,0,0,0,0,1,0,0,0,0,0,0,0,0,0,0,0,1,86,32,0,4,0,0,0,0,0,0,0,2,12,0,1,0,0,0,0,0,0,0,0,12,0,0,2,6,0,0,0,0,0,0,1,0,0,0,0,0,0,7,0,0,0,0,0,0,0,0,0,0,0,0,0,1,2,0,0,0,0,0,5,8,7,11,4,0,0,0,0,0,0,0,0,0,0,0,3,0,0,0,0,0,0,5,0,0,0,0,0,0,0,0,0,0,11,0,0,0,0,8,0,0,0,0,0,3,0,0,0,0,0,0,0,0,0,0,0,0,6,0,0,0,0,0,0,0
Lactobacillus,0,0,0,4,2,0,0,0,0,0,0,0,0,0,0,0,0,0,0,0,0,0,7,2,2,0,0,0,0,0,0,1,0,0,14,0,1,0,0,1,175,100,0,0,1,0,0,0,0,0,0,0,17,40,1,0,0,0,0,0,0,0,3,1,24,10,0,0,0,0,0,5,3,1,0,7,6,3,2,27,17,0,0,0,0,0,0,9,32,0,0,0,0,0,1,0,14,0,0,0,9,0,0,0,0,0,0,0,0,0,0,0,3,2,2,0,0,1,0,0,0,0,0,1,13,302,17,2,0,0,0,0,19,0,0,0,0,0,0,0,0,0,0,0,0,0,0,0,0,0,1,0,0,0,0,0,0,0,0,0,0,0,0,0,14,0,0,0,4,0,0,0,0,1,0,15,52,0,0,0,0,0,1,1,0,0,0,0,0,0,0,0,0,0,3,8,5,0,0,2,0,0,0,0,1,0,0,1,0,0,0,0,0,0,0,14,0,0,0,0,0,0,93,6,0,0,0,0,2,0,0,0,0,0,0,9,7,0,1,3,0,0,0,0,0,0,3,4,0,1,0,0,0,0,0,4,0,0,0,0,0,0,0,0,0,0,2,12,3,7,32,15,0,0,0,0,0,0
Lactococcus,0,0,0,0,0,0,0,0,0,2,0,0,0,0,0,0,3,0,0,0,0,0,0,0,0,0,0,0,0,0,0,0,0,0,0,0,0,0,2,0,5,1,0,0,0,0,1,1,0,0,0,0,0,0,0,0,0,0,0,0,0,0,0,0,6,0,0,0,0,1,0,0,0,0,0,0,0,0,0,0,0,0,0,0,0,0,0,0,4,4,0,0,0,0,1,1,0,0,0,0,0,1,3,0,0,0,0,0,0,0,2,0,2,0,0,1,0,0,0,0,0,1,0,0,0,0,1,0,0,0,1,0,0,0,0,0,0,0,0,0,0,0,0,0,0,0,0,0,0,0,0,0,0,0,1,0,1,11,12,0,3,0,0,0,0,0,1,0,0,0,0,0,2,0,0,0,0,0,0,0,0,0,0,0,0,0,0,0,0,0,1,0,2,0,15,0,1,2,9,0,0,0,0,3,0,2,0,1,0,0,0,2,0,0,0,0,0,0,0,0,1,0,0,0,0,0,0,0,0,0,0,1,0,0,0,12,0,0,0,0,0,0,0,0,0,0,0,0,0,0,0,0,0,0,0,2,0,0,0,0,0,0,0,1,0,0,0,0,0,0,0,0,0,0,0,0,0,0
Lactonifactor,0,0,13,18,0,13,2,1,0,0,1,0,0,8,0,0,0,0,0,0,0,11,2,2,0,5,0,0,0,0,6,1,0,0,22,0,0,2,0,0,2,0,0,1,0,13,1,0,1,3,0,13,0,7,0,0,2,3,0,0,3,15,0,0,0,4,1,8,4,0,18,3,0,1,8,0,0,0,0,3,3,0,0,3,0,16,0,20,9,0,0,14,5,6,0,0,11,0,0,0,0,0,36,0,0,0,0,0,0,0,0,0,0,0,0,3,0,0,8,3,0,0,6,1,1,1,0,0,4,0,0,0,0,9,14,0,0,3,3,0,1,5,3,0,6,3,0,0,0,0,0,0,1,11,30,17,2,9,0,0,0,0,0,1,1,3,2,1,12,0,0,0,0,10,35,0,3,5,12,9,2,0,0,21,1,8,9,6,0,2,7,26,2,4,4,1,6,41,31,1,16,1,0,36,11,0,2,2,10,0,21,0,0,0,2,31,4,3,1,4,5,0,0,42,12,2,0,4,17,0,15,1,3,0,0,2,3,0,0,0,8,1,2,6,6,3,0,1,0,0,0,22,2,0,2,0,5,4,5,0,1,1,13,0,8,0,0,0,0,0,3,0,1,5,1,0,0,1
Leuconostoc,0,0,0,0,0,0,0,0,0,0,0,0,0,0,0,0,0,0,0,0,0,0,0,0,0,0,0,0,0,0,0,0,0,0,0,0,0,1,0,0,0,1,0,0,0,0,0,0,0,0,0,0,0,0,0,0,0,0,0,0,0,0,0,0,0,0,0,0,0,0,0,0,0,0,0,0,0,1,0,0,0,0,0,0,0,0,0,0,0,0,0,0,0,0,0,0,0,0,0,0,0,0,0,0,0,1,0,0,0,0,0,0,0,0,0,0,0,0,0,0,0,0,0,0,2,0,0,0,0,0,0,0,0,0,0,0,0,0,0,0,0,0,0,0,0,0,0,0,0,0,0,0,0,0,0,0,0,1,1,0,0,0,0,0,0,0,0,0,0,0,0,0,0,0,0,0,1,0,0,0,0,0,0,0,0,0,0,0,0,0,0,0,0,0,1,0,0,0,0,1,0,0,0,0,0,0,0,0,0,0,0,0,0,0,0,0,0,0,0,0,0,0,0,0,0,0,0,0,0,0,0,0,0,0,0,0,0,0,0,0,0,0,0,0,0,0,0,0,0,0,0,0,0,0,0,0,0,0,0,0,0,0,0,0,1,0,0,0,0,0,0,0,0,0,0,0,0,0
Luteococcus,0,0,0,0,0,0,0,0,0,0,0,0,0,0,0,0,0,0,0,0,0,0,0,0,0,0,0,0,0,0,0,0,0,0,0,0,0,0,0,0,0,0,0,0,0,0,0,0,0,0,0,0,0,0,0,0,0,0,0,0,0,0,0,0,0,0,0,0,0,0,0,0,0,0,0,0,0,0,0,0,0,0,0,0,0,0,0,0,0,0,0,0,0,0,0,0,0,0,0,0,0,0,0,0,0,0,0,0,0,0,0,0,0,0,0,0,0,0,0,0,0,0,0,0,0,0,0,1,0,0,0,0,0,0,0,0,0,0,0,0,0,0,0,0,0,0,0,0,0,0,0,0,0,0,0,0,0,0,0,0,0,0,0,0,0,0,0,0,0,0,0,0,0,0,0,0,0,0,0,0,0,0,0,0,0,0,0,0,0,0,0,0,0,0,0,0,0,0,0,0,0,0,0,0,0,0,0,0,0,0,0,0,0,0,0,0,0,0,0,0,0,0,0,0,0,0,0,0,0,0,0,0,0,0,0,0,0,0,0,0,0,0,0,0,0,0,0,0,0,0,0,0,0,0,0,0,0,0,0,0,0,0,0,0,0,0,0,0,0,0,0,0,0,0,0,0,0,0
Marvinbryantia,0,0,1,1,0,0,0,0,0,0,0,0,0,0,0,0,0,3,1,1,0,0,1,0,1,1,0,0,0,0,0,0,0,0,0,0,0,0,0,1,0,0,0,0,0,0,0,0,0,0,0,0,0,0,0,0,0,0,0,0,1,0,0,0,1,3,0,0,0,1,0,1,0,0,0,0,0,0,0,0,1,0,1,1,0,0,0,0,0,1,0,0,0,0,0,0,0,0,0,0,0,0,0,0,0,0,0,0,0,0,0,0,0,0,0,0,0,0,0,0,0,1,0,0,0,0,0,0,2,0,0,0,0,0,0,0,0,0,0,1,0,0,0,0,0,0,0,0,1,1,0,0,1,1,0,0,0,0,2,0,1,0,0,1,0,0,0,0,0,0,0,0,0,0,0,0,8,0,0,0,0,1,0,0,1,0,0,0,0,0,0,0,0,0,0,0,0,0,0,0,0,0,0,0,1,0,1,0,0,0,0,1,0,0,5,0,0,0,0,0,0,1,0,0,0,0,3,0,1,0,0,0,0,0,0,0,0,0,0,2,0,0,0,0,0,0,0,0,0,0,0,0,0,0,0,0,0,0,0,0,0,0,0,0,0,0,0,0,0,0,1,0,0,0,0,0,0,1
Megamonas,0,0,0,0,0,0,0,0,0,0,0,0,123,296,0,0,0,0,0,0,0,0,0,0,0,0,0,0,0,0,0,0,0,0,0,0,0,0,0,11,0,0,0,0,0,0,0,0,0,0,0,0,0,0,0,0,0,0,0,0,0,0,0,0,0,0,0,0,0,0,0,0,0,0,0,0,0,0,0,0,0,0,0,0,0,0,0,0,0,0,0,325,0,0,0,0,0,0,0,0,0,0,0,0,0,0,0,0,0,0,0,0,0,0,0,0,0,0,0,0,0,0,0,0,0,0,0,0,0,0,0,0,0,0,0,0,0,0,0,0,0,0,0,0,0,0,0,0,0,0,0,0,0,0,0,0,0,0,0,0,0,0,0,0,0,0,0,0,0,0,0,0,0,0,0,0,0,0,3,0,0,0,0,0,0,0,0,0,0,0,0,0,0,0,0,0,0,0,0,0,0,0,0,0,322,0,0,0,0,0,0,0,0,0,0,0,0,0,0,0,0,0,0,152,0,0,0,0,0,0,0,0,0,0,0,0,0,0,0,0,0,0,0,0,0,0,0,0,0,0,0,0,0,0,58,353,0,0,0,0,0,0,0,0,0,2,0,0,0,0,0,0,0,0,0,0,0,0
Megasphaera,0,0,11,10,0,0,0,0,0,0,0,0,56,44,0,0,0,0,0,0,0,0,5,4,28,35,0,0,8,5,42,204,0,0,26,1,0,0,0,4,18,10,0,0,0,0,0,0,0,0,0,0,0,0,39,0,28,39,0,0,0,5,0,0,0,0,4,25,0,0,0,0,0,0,0,0,0,27,51,92,26,0,0,0,0,0,0,72,0,0,2,1,0,0,0,0,49,0,0,0,0,0,0,0,0,0,0,0,0,0,0,0,0,0,0,0,0,25,0,0,0,0,0,17,37,89,20,6,0,0,12,23,30,21,81,21,0,0,0,20,124,0,1,0,0,0,0,0,0,0,158,0,0,42,1,19,117,0,0,0,0,0,0,0,0,0,0,0,0,0,0,0,0,0,0,0,0,0,1,0,0,1,11,4,18,0,0,21,14,0,0,0,0,1,0,206,98,0,0,29,0,0,0,0,0,0,0,0,0,0,0,0,0,4,0,89,0,0,0,0,0,0,0,0,0,0,0,0,0,0,0,0,0,28,2,17,3,0,28,19,0,0,0,0,0,0,6,29,0,0,3,55,0,0,0,0,6,12,0,0,4,2,0,0,18,22,47,36,0,0,11,22,0,0,0,28,54,0
Methylobacterium,0,0,0,0,0,0,0,0,0,0,0,0,0,0,0,0,0,0,0,0,0,0,0,0,0,0,0,0,0,1,0,0,0,0,0,0,0,0,0,0,0,0,0,0,0,0,0,0,0,0,0,0,0,0,0,0,0,0,0,0,0,0,0,0,0,0,0,0,0,0,0,0,0,0,0,0,0,0,0,0,0,0,0,0,0,0,0,0,0,0,0,0,0,0,0,0,0,0,0,0,0,0,0,0,0,0,0,0,0,0,0,0,0,0,0,0,0,0,0,0,0,0,0,0,0,0,0,0,0,0,0,0,0,0,0,0,0,0,0,0,0,0,0,0,0,0,0,0,0,0,0,0,0,0,0,0,0,0,0,0,0,0,0,0,0,0,0,0,0,0,0,0,0,0,0,0,0,0,0,0,0,0,0,0,0,0,0,0,0,0,0,0,0,0,0,0,0,0,0,0,0,0,0,0,0,0,0,0,0,0,0,0,0,0,0,0,0,0,0,0,0,0,0,0,0,0,0,0,0,0,0,0,0,0,0,0,0,0,0,0,0,0,0,0,0,0,0,0,0,0,0,0,0,0,0,0,0,0,0,0,0,0,0,0,0,0,0,0,0,0,0,0,0,0,0,0,0,0
Microbacterium,0,0,0,0,0,0,0,0,0,0,0,0,0,0,0,0,0,0,0,0,0,0,0,0,0,0,0,0,0,0,0,0,0,0,0,0,0,0,0,0,0,0,0,0,0,0,0,0,0,0,0,0,0,0,0,0,0,0,0,0,0,0,0,0,0,0,0,0,0,0,0,0,0,0,0,0,0,0,0,0,0,0,0,0,0,0,0,0,0,0,0,0,0,0,0,0,0,0,0,0,0,0,0,0,0,0,0,0,0,0,0,0,0,0,0,0,0,0,0,0,0,0,0,0,0,0,0,0,0,0,0,0,0,0,0,0,0,0,0,0,0,0,0,0,0,0,0,0,0,0,0,0,0,0,0,0,0,0,0,0,0,0,0,0,0,0,0,0,0,0,0,0,0,0,0,0,0,0,0,0,0,0,0,0,0,0,0,0,0,0,0,0,0,0,0,0,0,0,0,0,0,0,0,0,0,0,0,0,0,0,0,0,0,0,0,0,0,0,0,0,0,0,0,0,0,0,0,0,0,0,0,0,0,0,0,0,0,0,0,0,1,0,0,0,0,0,0,0,0,0,0,0,0,0,0,0,0,0,0,0,0,0,0,0,0,0,0,0,0,0,0,0,0,0,0,0,0,0
Mitsuokella,0,0,0,0,0,0,0,0,0,0,0,0,1,0,0,0,0,0,0,0,0,0,21,21,16,12,0,0,0,0,0,0,0,0,0,0,0,0,0,0,0,0,0,0,0,0,0,0,0,0,0,0,0,0,0,0,0,0,0,0,0,0,0,0,0,0,0,0,0,0,0,0,0,0,0,0,0,0,0,0,0,0,0,0,0,0,0,0,0,0,0,0,0,0,0,0,2,0,0,0,0,0,0,0,0,0,0,0,0,0,0,0,0,0,0,0,0,0,0,0,0,0,0,0,42,2,29,0,0,0,0,0,0,0,0,0,0,0,0,0,0,0,0,0,0,0,0,0,0,0,0,0,0,0,0,0,0,0,0,0,0,0,0,0,0,0,0,0,0,0,0,0,0,0,0,0,0,0,0,0,0,0,0,0,0,0,0,0,0,0,0,0,0,0,0,0,0,0,0,0,0,0,0,0,0,0,0,0,0,0,0,0,0,0,0,0,0,0,0,0,0,0,0,0,0,0,0,0,0,0,0,0,0,0,0,0,0,0,0,0,0,0,0,0,0,0,0,0,0,0,0,0,0,0,0,0,0,0,0,0,0,0,0,0,0,0,0,0,0,0,17,15,0,0,0,0,0,0
Mobiluncus,0,0,0,0,0,0,0,0,0,0,0,0,0,0,0,0,0,0,0,0,0,0,0,0,0,0,0,0,0,0,0,0,0,0,0,0,0,0,0,0,0,0,0,0,0,0,0,0,0,0,0,0,0,0,0,0,0,0,0,0,0,0,0,0,0,0,0,0,0,0,0,0,0,0,0,0,0,0,0,0,0,0,0,0,0,0,0,0,0,0,0,0,0,0,0,0,0,0,0,0,0,0,0,0,0,0,0,0,0,0,0,0,0,0,0,0,0,0,0,0,0,0,0,0,0,0,0,0,0,0,0,0,0,0,0,0,0,0,0,0,0,0,0,0,0,0,0,0,0,0,0,0,0,0,0,0,0,0,0,1,0,0,0,0,0,0,0,0,0,0,0,0,0,0,0,0,0,0,0,0,0,0,0,0,0,0,0,0,0,0,0,0,0,0,0,0,0,0,0,0,0,0,0,0,0,0,0,0,0,0,0,0,0,0,0,0,0,0,0,0,0,0,0,0,0,0,0,0,0,0,0,0,0,0,0,0,0,0,0,0,0,0,0,0,0,0,0,0,0,0,0,0,0,0,0,0,0,0,0,0,0,0,0,0,0,0,0,0,0,0,0,0,0,0,0,0,0,0
Moryella,0,0,0,0,0,0,0,0,0,0,0,0,0,0,0,0,0,0,0,0,0,0,0,0,0,0,0,0,0,0,0,0,0,0,0,0,0,0,0,0,0,0,0,0,0,0,0,0,0,0,0,0,0,0,0,0,0,0,0,0,0,0,0,0,0,0,0,0,0,0,0,0,0,0,0,0,0,0,0,0,0,0,0,0,0,0,0,0,0,0,0,0,0,0,0,0,0,0,0,0,0,0,0,0,0,0,0,0,0,0,0,0,0,0,0,0,0,0,0,0,0,0,0,0,0,0,0,0,0,0,0,0,0,0,0,0,0,0,0,0,0,0,0,0,0,0,0,0,0,0,0,0,0,0,0,0,0,0,0,0,0,1,0,0,0,0,0,0,0,0,0,0,0,0,0,0,0,0,0,0,0,0,0,0,0,0,0,0,0,0,0,0,0,0,0,0,0,0,0,0,0,0,0,0,0,0,0,0,0,0,0,0,0,0,0,0,0,0,0,0,0,0,0,0,0,0,0,0,0,0,0,0,0,0,0,0,0,0,0,0,0,0,0,0,0,0,0,0,0,0,0,0,0,0,0,0,0,0,0,0,0,0,0,0,0,0,0,0,0,0,0,0,0,0,0,0,0,0
Odoribacter,0,0,0,5,0,7,0,1,0,0,0,0,0,0,0,2,0,0,9,1,2,5,2,2,5,16,0,0,2,4,0,0,0,0,9,0,0,0,0,5,8,1,4,16,0,4,0,0,0,1,0,0,1,0,0,11,0,0,0,0,8,3,9,9,6,9,1,1,0,2,7,1,5,2,2,0,0,3,0,6,2,6,3,0,0,3,0,10,10,0,0,0,7,10,1,5,10,2,1,1,0,0,26,4,4,0,0,0,3,5,0,1,20,3,1,2,3,1,0,0,2,3,0,8,1,0,0,1,2,7,1,5,2,3,0,3,0,0,0,0,0,4,0,0,5,1,2,3,8,10,0,6,4,1,11,0,0,5,0,4,10,4,18,2,21,0,0,20,0,0,0,7,16,7,5,0,4,0,0,8,4,6,0,2,10,0,7,4,0,0,0,3,0,0,0,5,1,0,0,0,4,0,0,0,1,6,3,3,3,0,0,16,5,8,2,18,9,3,2,3,1,3,1,3,0,6,10,6,2,1,0,0,4,4,0,1,5,0,0,0,4,0,2,0,0,0,0,0,0,0,1,4,3,9,0,0,10,12,13,0,0,0,0,0,0,0,0,0,9,9,13,4,0,0,0,3,9,0
Olsenella,0,0,0,0,0,0,0,0,0,0,0,0,0,0,0,0,0,0,0,0,0,0,4,6,13,98,0,0,0,0,0,0,0,0,20,0,0,0,0,0,0,0,0,0,0,0,0,0,0,0,0,0,0,0,0,0,0,0,0,0,0,0,0,0,0,0,0,0,0,0,0,1,1,0,0,0,0,0,0,0,0,0,0,0,0,0,0,0,0,0,0,0,0,0,0,1,0,0,0,0,0,0,0,0,1,0,0,0,0,0,0,0,0,0,0,0,0,0,0,0,0,1,0,0,63,157,13,99,0,0,0,0,0,1,0,0,0,0,0,0,0,0,0,0,0,0,0,0,0,0,0,0,0,0,0,0,0,0,0,0,0,0,0,0,0,0,0,0,1,0,0,0,0,0,0,0,0,0,0,0,0,0,0,0,0,0,0,0,0,0,0,0,0,0,0,99,1177,0,0,0,0,0,0,0,0,0,0,0,0,0,0,0,0,0,0,0,0,0,0,0,0,0,0,0,0,0,0,0,0,0,0,0,0,0,0,0,0,0,0,17,0,0,0,0,0,0,2,1,0,0,0,0,1,6,0,0,1,0,0,0,0,0,0,0,0,0,0,0,0,0,7,2,0,0,0,0,0,0
Oribacterium,0,0,0,0,0,0,0,0,0,0,0,1,0,2,0,0,13,8,0,0,0,21,1,0,0,1,0,0,0,4,0,0,6,0,0,0,0,0,0,0,0,0,3,13,0,13,0,0,1,0,0,0,0,0,0,0,0,1,6,3,0,0,0,0,0,7,0,1,0,0,0,0,1,5,4,0,0,0,0,0,1,0,0,2,2,0,0,7,0,3,0,0,0,0,0,0,0,0,0,0,0,0,0,0,0,0,0,0,5,0,0,0,0,0,0,0,0,0,0,3,0,1,0,1,0,0,1,0,0,0,0,1,0,3,0,0,0,0,0,0,0,0,0,16,0,0,5,0,0,0,0,6,0,0,4,1,0,0,0,0,0,0,0,0,0,0,0,0,0,0,0,0,0,0,0,0,0,0,0,0,2,1,0,1,0,0,2,0,0,7,2,0,0,0,0,0,1,0,0,0,0,0,0,0,10,0,0,0,0,0,0,0,0,0,0,0,0,0,0,0,0,5,1,0,0,0,0,2,5,0,0,0,0,0,0,0,2,0,0,0,0,4,3,0,0,0,0,1,0,0,2,0,0,0,4,0,0,0,0,4,0,1,1,0,0,0,0,0,0,0,8,2,0,0,0,0,0,0
Oscillibacter,113,0,3,12,1,29,2,37,6,0,2,1,3,2,11,12,3,0,151,11,45,68,51,57,59,487,0,5,8,11,7,5,8,0,53,2,58,42,2,35,200,11,44,134,17,53,46,38,0,31,11,2,4,1,127,49,79,26,45,14,47,33,59,24,27,35,1,8,16,5,122,37,49,35,6,77,2,18,36,68,21,431,112,287,133,84,15,53,73,18,7,0,131,38,136,135,10,70,108,191,66,39,171,13,23,10,3,19,4,5,154,68,126,71,2,32,9,17,116,54,70,85,241,8,5,0,51,30,21,17,18,17,24,78,2,13,2,25,10,3,0,19,3,40,5,5,13,23,35,28,3,242,67,21,15,10,15,2,1,298,357,58,255,113,434,70,2,819,10,29,22,133,465,30,21,6,154,3,24,8,6,48,1,13,34,33,33,37,10,6,6,29,2,7,1,16,267,10,0,0,7,1,8,18,3,71,3,14,8,18,22,69,61,96,26,124,274,9,13,23,19,32,23,36,5,33,39,30,18,13,13,46,10,3,2,32,33,0,5,4,133,19,29,4,7,4,14,5,9,1,24,68,66,143,41,5,65,37,426,30,39,109,8,0,3,0,101,33,49,93,122,39,0,0,2,5,16,127
Oxalobacter,0,0,0,2,0,0,0,0,0,0,0,0,0,0,0,0,0,0,0,0,1,0,0,0,0,1,0,0,0,0,0,0,0,0,0,0,0,0,0,0,0,0,0,0,0,0,0,0,0,0,0,0,0,0,0,0,0,0,0,0,0,0,0,0,0,0,0,0,0,0,1,0,0,0,0,0,0,0,0,0,0,0,0,0,0,0,0,0,0,0,0,0,0,0,0,0,0,0,0,0,0,0,1,0,0,0,0,0,0,0,0,0,1,0,0,0,0,0,0,1,0,0,0,0,0,0,0,0,0,0,0,0,0,0,0,0,0,0,0,0,0,1,0,0,0,0,0,0,0,1,0,1,0,0,0,0,0,0,0,0,0,0,2,0,0,0,0,0,0,0,0,0,0,0,0,0,0,0,0,0,0,0,0,0,0,0,0,0,0,0,0,0,0,0,0,0,0,0,0,0,0,0,0,0,0,0,0,0,0,0,0,0,0,1,0,0,0,0,0,0,0,0,0,1,0,0,0,0,0,0,0,0,0,0,0,1,0,0,0,0,0,0,0,0,0,0,0,0,0,0,0,0,0,0,0,0,0,0,2,0,0,1,0,0,0,0,0,0,0,0,0,0,0,0,0,0,0,0
Papillibacter,1,0,0,0,0,0,0,0,0,0,0,0,0,0,0,0,0,0,0,0,0,0,0,0,2,0,0,0,0,0,0,0,0,0,0,0,0,0,0,0,0,0,0,0,0,0,0,0,0,0,0,0,0,0,0,0,0,0,0,0,0,0,0,0,0,0,0,0,0,0,0,0,0,0,0,0,0,0,0,0,0,0,2,0,0,0,0,0,0,0,0,0,0,0,0,0,0,0,0,0,0,0,0,0,0,0,0,0,0,0,0,0,0,0,0,0,0,0,0,0,0,0,0,0,0,0,0,0,0,0,0,0,0,0,0,0,0,0,0,0,0,0,0,0,0,0,0,0,0,0,0,19,0,0,0,0,0,0,0,0,0,0,0,0,0,0,0,40,0,0,0,0,0,0,0,0,0,0,0,0,0,0,0,0,0,0,0,0,0,0,0,0,0,0,0,0,0,0,0,0,0,0,0,0,0,0,0,0,0,0,0,0,0,0,0,0,0,0,0,0,0,0,0,0,0,0,0,0,0,0,0,0,0,0,0,0,0,0,0,0,0,0,0,0,0,0,0,0,0,0,0,0,0,0,0,0,0,0,0,0,0,0,0,0,0,0,0,0,0,0,0,0,0,0,0,0,0,0
Parabacteroides,5,1,1,0,0,2,2,0,0,0,1,2,1,5,1,16,1,2,91,1,51,39,0,0,1,2,0,0,0,0,4,5,0,0,1,0,1,0,0,1,1,0,0,4,0,9,0,2,0,1,0,0,4,1,2,7,0,1,0,0,2,4,2,3,0,0,0,0,1,0,2,0,0,1,0,1,0,3,2,1,0,14,3,0,0,9,4,46,3,0,0,1,3,0,3,4,1,5,3,2,0,1,8,2,1,8,3,4,0,0,1,0,1,1,0,1,0,0,0,0,1,0,44,1,0,1,0,0,1,0,0,0,2,4,1,1,0,8,0,0,0,1,1,0,0,4,1,4,1,14,8,7,7,9,18,1,10,10,2,9,44,2,7,1,35,9,0,32,1,11,10,6,10,2,8,1,8,1,2,9,4,4,0,8,10,5,7,5,19,3,0,44,0,0,0,3,13,7,1,1,0,0,8,2,2,3,0,2,9,0,0,13,8,6,7,68,3,0,2,1,12,2,119,6,0,0,1,1,1,0,1,0,0,0,0,0,0,0,0,0,13,9,2,1,2,1,0,1,1,0,0,1,2,4,2,1,1,0,57,1,1,2,0,0,1,1,5,2,0,0,1,1,0,1,0,0,0,3
Paraeggerthella,0,0,0,0,0,0,0,0,0,0,0,0,0,0,0,0,0,0,0,0,0,0,0,0,0,0,0,0,0,0,0,0,0,0,0,0,0,0,0,0,0,0,0,0,0,0,0,0,0,0,0,0,0,0,0,0,0,0,0,0,0,0,0,0,0,0,0,0,0,0,0,0,1,0,0,0,0,0,0,0,0,0,0,0,0,0,0,0,0,0,0,0,0,0,0,0,0,0,0,0,0,0,0,0,0,0,0,0,0,0,0,0,0,1,0,0,0,0,0,0,0,0,0,0,0,1,0,0,0,0,0,0,0,0,0,0,0,0,0,0,0,0,0,0,0,0,0,0,0,0,0,0,0,0,0,0,0,0,0,0,0,0,0,0,0,0,0,2,0,0,0,0,0,0,0,0,0,0,0,0,0,0,0,0,0,0,0,0,0,0,0,0,0,0,0,0,0,0,0,0,0,0,0,0,0,0,0,0,0,0,0,0,0,0,0,0,0,0,0,0,0,0,0,0,0,0,0,0,0,0,0,0,0,0,0,0,0,0,0,0,0,0,0,0,0,0,6,0,0,0,0,0,0,0,0,0,0,0,0,0,0,0,0,0,0,0,0,0,0,0,0,0,0,0,0,0,0,0
Paraprevotella,0,0,0,9,0,0,0,0,0,0,0,0,0,0,0,1,0,0,23,2,0,0,0,2,13,4,0,0,0,0,0,0,0,8,2,1,0,0,0,0,2,0,0,0,0,0,0,0,14,0,0,0,0,0,0,0,0,0,0,0,0,0,6,4,2,20,0,0,4,1,0,5,5,9,7,0,0,2,0,3,2,0,0,0,0,0,0,14,242,0,0,3,0,0,0,0,0,0,3,5,0,0,0,2,5,0,0,0,0,0,0,0,6,5,2,6,0,0,0,0,0,0,0,0,1,0,0,0,0,16,0,0,0,0,0,0,0,0,0,0,0,0,0,0,0,1,0,0,0,0,0,0,0,0,0,0,0,0,0,0,0,0,0,0,0,0,0,0,0,3,23,0,0,15,42,0,0,0,3,0,0,2,3,0,0,0,0,0,4,0,0,0,0,0,0,5,0,165,7,0,0,0,0,0,8,0,0,1,0,0,0,13,8,0,0,11,0,0,0,0,0,1,0,33,0,0,0,0,0,0,0,0,4,0,0,23,0,0,47,2,4,0,0,0,0,0,18,46,0,0,2,30,3,2,0,0,6,0,0,0,0,0,6,4,0,0,16,0,0,0,0,0,6,7,0,0,0,0
Parasutterella,1,0,0,0,0,0,3,0,0,0,0,0,0,0,12,2,0,0,0,0,8,3,0,0,0,0,0,0,0,6,0,0,0,0,0,0,0,0,0,8,0,1,3,5,2,15,1,0,0,0,0,0,0,0,10,5,17,13,0,0,11,20,0,0,0,1,0,0,0,0,0,0,0,0,0,11,0,0,2,1,0,0,0,2,4,19,16,0,0,0,0,2,2,12,1,5,0,4,0,0,0,0,0,0,0,0,0,0,0,0,0,0,0,0,0,19,1,2,7,3,0,0,11,5,0,0,0,0,0,0,9,7,0,0,1,0,11,7,6,1,0,0,2,0,0,0,2,7,0,0,0,1,1,0,0,0,0,7,0,0,0,0,0,0,0,4,3,2,0,0,0,11,27,0,0,0,0,0,6,26,8,0,0,3,3,1,0,16,0,0,0,0,0,15,1,3,0,0,0,224,40,0,0,0,0,11,1,0,1,0,0,0,0,3,7,2,0,7,4,0,1,12,0,0,0,0,0,3,1,0,0,0,2,13,13,0,0,0,0,0,0,0,1,1,0,0,0,0,8,0,2,10,0,0,8,4,0,0,0,5,0,1,0,0,0,0,0,0,17,6,6,2,0,0,4,3,9,8
Pediococcus,0,0,0,0,0,0,0,0,0,0,0,0,0,0,0,0,0,0,0,0,0,0,0,0,0,0,0,0,0,0,0,0,0,0,0,0,0,0,0,0,0,0,0,0,0,0,0,0,0,0,0,0,0,1,0,0,0,0,0,0,0,0,0,0,0,0,0,0,0,0,0,0,0,0,0,0,0,0,0,0,0,0,0,0,0,0,0,0,0,0,0,0,0,0,0,0,0,0,0,0,0,0,0,0,0,0,0,0,0,0,0,0,0,0,0,0,0,0,0,0,0,0,0,0,0,0,0,0,0,0,0,0,0,0,0,0,0,0,0,0,0,0,0,0,0,0,0,0,0,0,0,0,0,0,0,0,0,0,0,0,0,0,0,0,0,0,0,0,0,0,0,0,0,0,0,0,0,0,0,0,0,0,0,0,0,0,0,0,0,0,0,0,0,0,0,0,0,0,0,0,0,0,0,0,0,0,0,0,0,0,0,0,0,0,0,0,0,0,0,0,0,0,0,0,0,0,0,0,0,0,0,0,0,0,0,0,0,0,0,0,0,0,0,0,0,0,0,0,0,0,0,0,0,0,0,0,0,0,0,0,0,0,0,0,0,0,0,0,0,0,0,0,0,0,0,0,0,0
Pelomonas,0,0,0,0,0,0,0,0,0,0,0,0,0,0,0,0,0,0,0,0,0,0,0,0,0,0,0,0,0,0,0,0,0,0,0,0,0,0,0,0,0,0,0,0,0,0,0,0,0,0,0,0,0,0,0,0,0,0,0,0,0,0,0,0,0,0,0,0,0,0,0,0,0,0,0,0,0,0,0,0,0,0,0,0,0,0,0,0,0,0,0,0,0,0,0,0,0,0,0,0,0,0,0,0,0,0,0,0,0,0,0,0,0,0,0,0,0,0,0,0,0,0,0,0,0,0,0,0,0,0,0,0,0,0,0,0,0,0,0,0,0,0,0,0,0,0,0,0,0,0,0,0,0,0,0,0,0,0,0,0,0,1,0,0,0,0,0,0,0,0,0,0,0,0,0,0,0,0,0,0,0,0,0,0,0,0,0,0,0,0,0,0,0,0,0,0,0,0,0,0,0,0,0,0,0,0,0,0,0,0,0,0,0,0,0,0,0,0,0,0,0,0,0,0,0,0,0,0,0,0,0,0,0,0,0,0,0,0,0,0,0,0,0,0,0,0,0,0,0,0,0,0,0,0,0,0,0,0,0,0,0,0,0,0,0,0,0,0,0,0,0,0,0,0,0,0,0,0
Peptococcus,0,0,0,0,0,0,0,0,0,0,0,0,0,0,0,0,0,0,0,0,0,0,0,0,0,0,0,0,0,0,0,0,0,0,0,0,0,0,0,0,0,0,0,0,0,0,0,0,0,0,0,0,0,0,1,0,0,0,0,0,0,0,1,0,0,0,0,0,0,0,0,0,0,0,0,0,0,0,0,0,0,0,0,0,0,4,0,0,0,0,0,0,0,0,0,0,0,0,0,0,0,0,0,0,0,0,0,0,0,0,0,0,0,0,0,0,0,1,0,0,0,0,0,0,0,0,0,0,0,0,0,0,0,0,0,0,0,0,0,0,0,0,0,0,0,0,0,0,0,0,0,0,0,0,0,0,0,0,0,1,0,0,0,0,0,0,0,0,0,0,0,0,0,0,0,0,0,0,0,0,0,0,0,0,0,0,0,0,0,0,0,0,0,0,0,0,0,0,0,0,0,0,0,0,0,0,0,0,0,0,0,0,0,0,0,0,0,0,0,0,0,0,0,0,0,0,0,0,0,0,0,0,0,0,0,0,0,0,0,0,0,0,0,0,0,0,0,0,0,0,0,0,0,0,0,0,0,0,0,0,0,0,0,0,0,0,0,0,0,0,0,0,0,0,0,0,0,0
Peptostreptococcus,0,0,0,0,0,0,0,0,0,0,0,0,0,0,0,0,0,0,0,0,0,0,0,0,0,0,0,0,0,0,0,0,0,0,0,0,0,0,0,0,0,0,0,0,0,0,0,0,0,0,0,0,0,0,0,0,0,0,0,0,0,0,0,0,0,0,0,0,0,0,0,0,0,0,0,0,1,0,0,0,0,0,0,0,0,0,0,0,0,1,0,0,0,0,0,0,0,0,0,0,0,0,0,0,0,0,0,0,0,0,2,0,0,0,0,0,0,0,0,0,0,0,0,0,0,0,0,0,0,0,0,0,0,0,0,0,0,0,0,0,0,0,0,0,0,0,0,0,0,0,0,0,0,0,0,0,1,0,0,0,0,0,0,0,0,0,0,0,0,0,0,0,0,0,0,0,0,0,0,0,0,0,0,0,1,0,0,1,0,0,0,0,1,0,0,0,0,0,0,0,0,0,0,3,0,0,0,0,0,0,0,0,0,0,0,0,0,0,0,0,0,0,0,0,0,0,0,0,0,0,0,0,0,0,0,0,0,0,0,0,0,0,0,0,0,0,0,0,0,0,0,0,0,0,0,0,0,0,0,0,0,0,0,0,0,0,0,0,0,0,0,0,0,0,0,0,0,0
Phascolarctobacterium,0,0,0,0,2,9,6,10,0,0,0,0,0,0,22,31,0,0,0,0,21,45,0,1,0,0,0,0,0,0,0,0,0,0,0,0,36,35,1,18,3,8,2,0,9,36,17,19,0,5,0,0,0,0,1,23,0,0,0,0,38,43,0,0,0,0,6,21,0,0,35,0,0,0,0,0,0,0,0,0,0,39,40,10,21,46,14,1,0,1,0,10,0,0,18,14,0,0,0,0,0,0,0,0,0,0,0,0,0,0,21,5,6,5,0,36,0,0,0,0,0,0,0,0,0,0,0,0,2,28,0,0,0,0,12,36,11,18,2,0,4,0,0,0,10,1,9,19,76,15,63,0,0,0,0,0,0,18,7,14,96,17,100,0,0,17,1,1,3,11,36,0,0,0,0,0,0,0,0,50,20,6,0,0,0,38,0,0,0,0,0,0,0,0,0,0,7,0,0,0,0,0,0,0,0,39,0,10,12,3,5,0,8,3,4,1,0,15,8,0,0,16,0,0,1,4,16,1,9,15,47,0,0,10,5,0,0,0,0,0,132,0,0,0,25,4,0,0,0,0,0,0,0,0,9,12,12,15,0,0,12,4,0,0,0,0,0,0,0,0,0,0,3,0,0,0,0,0
Porphyromonas,0,0,0,0,0,0,0,0,0,0,0,0,0,0,0,0,0,0,0,0,0,0,0,0,0,0,0,0,0,0,0,0,0,0,0,0,0,0,0,0,0,0,0,0,0,0,0,0,0,0,0,0,0,0,0,0,0,0,0,0,0,0,0,0,0,0,0,0,0,0,0,0,0,0,0,0,0,0,0,0,0,0,0,1,0,0,0,0,0,0,0,0,0,0,1,0,0,0,0,0,0,0,0,0,0,0,0,0,0,0,0,0,0,0,0,0,0,0,0,0,0,0,0,0,0,0,0,0,0,0,0,0,0,0,0,0,0,0,0,0,0,0,0,0,0,0,0,0,0,0,0,0,0,0,0,0,0,0,0,0,0,0,0,0,0,0,0,0,0,0,0,0,0,0,0,0,0,0,0,0,0,0,0,0,0,0,0,0,0,0,0,0,0,0,0,0,0,0,0,0,0,0,0,0,0,0,0,0,0,0,0,0,0,0,0,0,0,0,0,0,0,0,0,0,0,0,0,0,0,0,0,0,0,0,0,0,0,0,0,0,0,0,0,0,0,0,0,0,0,0,0,0,0,0,0,0,0,0,0,0,0,0,0,0,0,0,0,0,0,0,0,0,0,0,0,0,0,0
Prevotella,0,0,0,0,1,0,0,0,0,0,0,0,11,72,5,15,0,0,0,0,6,24,60,107,46,17,0,0,4,0,0,0,0,0,114,4,0,1,0,0,0,1,0,0,1,0,0,1,0,3,0,2,0,0,0,0,0,0,0,0,0,0,202,32,2,147,0,0,0,0,0,243,49,0,0,2,0,41,1,146,168,0,0,0,0,0,0,1,0,5,708,0,0,1,0,0,0,13,31,38,11,2,1612,229,189,0,0,1,0,0,1,1,0,0,0,1,0,1,0,5,19,46,12,2,139,1,203,2,0,0,1,0,634,0,0,0,0,0,0,0,0,0,0,0,13,40,0,0,0,0,0,0,0,842,1632,0,2,0,0,0,1,1,2,0,1,0,0,0,1,0,1,0,2,443,994,1,71,10,417,0,0,10,68,7,0,0,0,0,40,164,17,0,0,0,0,356,206,1,1,4,0,0,0,2,653,0,0,5,0,0,0,0,0,1,0,1,0,0,0,37,131,1,0,756,18,0,0,0,0,0,0,19,17,0,0,0,0,8,0,55,668,0,33,109,37,11,59,106,76,15,51,119,24,30,0,0,0,0,1,0,0,0,232,6,1,0,0,0,0,0,7,22,0,0,0,0,0,0
Propionibacterium,0,0,0,0,0,0,0,0,0,0,0,0,0,0,0,0,0,0,0,0,0,1,0,0,0,0,0,0,0,0,0,0,0,0,0,0,0,0,0,0,4,0,0,0,0,3,0,0,0,0,0,0,0,0,0,0,0,0,0,1,0,0,0,0,0,0,0,0,0,0,0,0,0,0,0,0,0,0,0,0,0,0,0,0,0,0,0,0,0,0,0,0,0,0,0,0,0,0,0,0,0,0,0,0,0,0,0,0,0,0,0,0,0,0,0,0,0,0,0,0,0,0,0,0,0,0,0,0,0,0,0,0,0,0,0,0,0,0,0,0,0,0,0,0,0,0,0,0,0,0,0,0,0,0,0,0,0,0,0,0,0,0,0,0,0,0,0,0,0,0,0,0,0,0,0,0,0,0,0,0,0,0,0,0,0,0,0,0,0,0,0,0,0,0,0,0,0,0,0,0,0,1,0,0,0,0,0,0,0,0,0,0,0,0,0,0,0,0,0,0,0,0,0,0,0,0,0,0,0,0,0,0,0,0,0,0,0,0,0,0,0,0,0,0,0,0,0,0,0,0,0,0,0,0,0,0,0,0,0,0,0,0,0,0,0,0,0,0,0,0,0,0,0,0,0,0,0,0
Proteus,0,0,0,0,0,0,0,0,0,0,0,0,0,0,0,0,0,0,0,0,0,0,0,0,0,0,0,0,0,0,0,0,0,0,0,0,0,0,0,0,0,0,0,0,0,0,0,0,0,0,0,0,0,0,0,0,0,0,0,0,0,0,0,0,0,0,0,0,0,0,0,0,0,0,0,0,0,0,0,0,0,0,0,0,0,0,0,0,0,0,0,0,0,0,0,0,0,0,0,0,0,0,0,0,0,0,0,0,0,0,0,0,0,0,0,0,0,0,0,0,0,0,0,0,0,0,0,0,0,0,0,0,0,0,0,0,0,0,0,0,0,0,0,0,0,0,0,0,0,0,0,0,0,0,0,0,0,0,0,0,0,0,0,0,0,0,0,0,0,0,0,0,0,0,0,0,0,0,0,0,0,0,0,0,0,0,0,0,0,0,0,0,0,0,0,0,0,0,0,0,0,0,0,0,0,0,0,0,0,0,0,0,0,0,0,0,0,0,0,0,0,0,0,0,0,0,0,0,0,0,0,0,0,0,0,0,0,1,0,0,0,0,0,0,0,0,0,0,0,0,0,0,0,0,0,0,0,0,0,0,0,0,0,0,0,0,0,0,0,0,0,0,0,0,0,0,0,0
Pseudobutyrivibrio,6,5,0,0,7,0,1,0,0,0,1,0,0,0,0,0,0,39,0,0,0,0,0,2,0,0,1,25,0,0,0,0,0,0,0,0,1,0,0,1,0,0,1,0,0,0,0,0,0,0,0,0,0,1,0,0,0,121,0,0,0,0,4,1,0,0,2,2,7,2,0,0,0,1,1,0,0,0,0,0,0,0,0,0,0,0,0,2,1,0,3,0,0,0,0,1,2,0,0,0,1,0,4,0,0,0,0,0,0,1,1,0,0,0,0,0,0,0,0,0,0,0,1,0,0,0,0,0,0,0,0,1,0,0,1,0,0,0,0,0,2,0,0,0,0,0,34,18,0,0,1,0,0,13,1,0,349,0,0,0,0,0,2,4,0,0,0,0,0,0,1,0,1,0,1,6,1,0,0,2,24,0,1,0,0,77,0,0,0,1,0,0,14,1,286,0,0,0,0,0,61,0,0,8,0,0,0,3,0,0,0,0,72,0,1,1,0,0,0,0,0,0,0,0,0,0,0,0,1,20,2,0,0,0,0,1,0,0,0,6,0,1,0,0,0,0,0,0,0,0,0,0,0,0,0,0,0,0,0,0,0,0,0,0,1,0,1,0,0,0,1,0,0,138,0,0,0,69
Pyramidobacter,0,0,0,0,0,0,0,0,0,0,0,0,0,0,0,0,0,0,0,0,0,0,0,0,0,0,0,0,0,0,0,0,0,0,0,0,0,0,0,0,0,0,0,0,0,0,0,0,0,0,0,0,0,0,0,0,0,0,0,0,0,0,0,0,0,0,0,0,0,0,0,0,0,0,0,0,0,0,0,0,0,1,0,0,0,0,0,0,0,0,0,0,0,0,0,0,0,0,0,0,0,0,0,0,0,0,0,0,0,0,0,0,0,0,0,0,0,0,0,0,0,0,0,0,0,0,0,0,0,0,0,0,0,0,0,0,0,0,0,0,0,0,0,0,0,0,0,0,0,0,0,0,0,0,0,0,0,0,0,0,0,0,0,0,0,0,0,0,0,0,0,0,0,0,0,0,0,0,0,0,0,0,0,0,0,0,0,0,0,0,0,0,0,0,0,1,27,0,0,0,0,0,0,0,0,0,0,0,0,0,0,0,0,0,0,0,0,0,0,0,0,0,0,0,0,0,0,0,0,0,0,0,0,0,0,0,0,0,0,0,0,0,0,0,0,0,0,0,0,0,0,0,0,0,0,0,0,0,0,0,0,0,0,0,0,0,0,0,0,0,0,0,0,0,0,0,0,0
Ralstonia,0,0,0,0,0,0,0,0,0,0,0,0,0,0,0,0,0,0,0,0,0,0,0,0,0,0,0,0,0,0,0,0,0,0,0,0,0,0,0,0,0,0,0,0,0,0,0,0,0,0,0,0,0,0,0,0,0,0,0,0,0,0,0,0,0,0,0,0,0,0,0,0,0,0,0,0,0,0,0,0,0,0,0,0,0,0,0,0,0,0,0,0,0,0,0,0,0,0,0,0,0,0,0,0,0,0,0,0,0,0,0,0,0,0,0,0,0,0,0,0,0,0,0,0,0,0,0,0,0,0,0,0,0,0,0,0,0,0,0,0,0,0,0,0,0,0,0,0,0,0,0,0,0,0,0,0,0,0,0,0,0,0,0,0,0,0,0,0,0,0,0,0,0,0,0,0,0,0,0,0,0,0,0,0,0,0,0,0,0,0,0,0,0,0,0,0,0,0,0,0,0,0,0,0,0,0,0,0,0,0,0,0,0,0,0,0,0,0,0,0,0,0,0,0,0,0,0,0,0,1,0,0,0,0,0,0,0,0,0,0,0,0,0,0,0,0,0,0,0,0,0,2,0,0,0,0,0,0,0,0,0,0,0,0,0,0,0,0,0,0,0,0,0,0,0,0,0,0
Rhizobium,0,0,0,0,0,0,0,0,0,0,0,0,0,0,0,0,0,0,0,0,0,0,0,0,0,0,0,0,0,0,0,0,0,0,0,0,0,0,0,0,0,0,0,0,0,0,0,0,0,0,0,0,0,0,0,0,0,0,0,0,0,0,0,0,0,0,0,0,0,0,0,0,0,0,0,0,0,0,0,0,0,0,0,0,0,0,0,0,0,0,0,0,0,0,0,0,0,0,0,0,0,0,0,0,0,0,0,0,0,0,0,0,0,0,0,0,0,0,0,0,0,0,0,0,0,0,0,0,0,0,0,0,0,0,0,0,0,0,0,0,0,0,0,0,0,0,0,0,0,0,0,0,0,0,0,0,0,0,0,0,0,0,0,0,0,0,0,0,0,0,0,0,0,0,0,0,0,0,1,0,0,0,0,0,0,0,0,0,0,0,0,0,0,0,0,0,0,0,0,0,0,0,0,0,0,0,0,0,0,0,0,0,0,0,0,0,0,0,0,0,0,0,0,0,0,0,0,0,0,0,0,0,0,0,0,0,0,0,0,0,0,0,0,0,0,0,0,0,0,0,0,0,0,0,0,0,0,0,0,0,0,0,0,0,0,0,0,0,0,0,0,0,0,0,0,0,0,0
Robinsoniella,0,0,0,0,0,0,0,0,0,0,0,0,0,0,0,0,0,0,0,0,0,0,0,0,0,1,0,0,0,0,0,0,1,0,0,0,0,0,0,0,0,3,0,0,0,0,0,0,0,0,0,0,0,0,0,0,0,0,0,0,0,0,0,0,0,0,0,0,0,0,0,0,1,0,0,0,0,0,0,0,0,0,0,0,0,0,1,0,0,0,0,0,0,0,0,0,0,0,0,0,0,0,0,1,0,0,0,0,0,0,0,0,1,0,0,0,0,0,0,0,0,0,1,0,0,0,0,2,0,0,0,0,0,0,0,0,0,0,0,0,0,0,1,0,0,0,0,0,0,0,0,0,0,0,0,0,0,0,0,0,0,0,1,0,0,0,0,0,0,0,0,0,0,0,0,0,0,0,0,0,0,5,0,1,0,0,0,0,0,0,7,0,0,0,0,0,0,0,0,0,0,0,1,0,0,0,0,0,0,0,0,0,0,0,0,0,0,0,0,0,0,0,0,0,1,0,0,0,0,0,0,0,0,0,1,0,0,0,0,0,1,0,0,0,0,0,0,2,0,0,0,0,3,0,0,0,0,0,0,0,0,0,0,0,0,0,0,0,0,0,0,0,0,0,0,1,0,0
Roseburia,8,42,19,58,19,17,87,19,50,29,22,78,50,34,51,35,82,100,50,10,87,118,16,13,27,14,83,76,25,26,68,39,105,30,21,0,20,48,9,33,9,9,73,34,158,95,49,21,62,15,56,62,16,96,63,30,33,42,90,28,40,159,119,66,43,27,13,40,141,41,55,13,6,123,58,6,13,35,108,25,38,8,30,7,9,38,187,57,374,132,105,133,4,12,2,1,5,20,23,13,35,32,141,5,8,59,55,38,52,75,54,51,5,2,50,114,26,20,24,72,20,10,51,42,52,8,19,2,17,31,13,38,101,133,29,33,223,121,66,28,84,21,33,33,45,53,5,1,75,11,602,28,15,120,482,154,245,146,49,19,11,17,12,11,79,29,30,116,25,33,48,24,83,55,37,15,117,36,82,212,107,34,38,45,187,63,45,97,18,60,257,29,118,14,13,35,164,152,51,111,134,124,202,232,32,19,9,148,42,43,71,60,70,23,71,133,25,65,12,88,154,72,71,133,42,29,12,34,16,16,71,53,50,419,234,101,129,223,53,20,300,10,36,22,81,60,40,22,98,54,19,79,21,82,65,83,86,33,132,150,50,28,69,13,43,12,26,24,68,45,34,40,28,151,51,25,88,270
Rothia,0,0,0,0,0,0,0,0,0,0,0,0,0,0,0,0,0,0,0,0,0,1,0,0,0,0,0,0,0,0,0,0,0,0,0,0,0,0,0,0,0,0,0,0,0,0,0,0,0,0,0,0,0,0,0,0,0,0,0,0,0,0,0,0,0,0,0,0,0,0,0,0,0,0,0,0,0,0,0,0,0,0,0,0,0,1,0,0,1,0,0,0,0,0,0,0,0,0,0,0,0,0,0,0,0,0,0,0,0,0,0,0,0,0,0,0,0,0,0,0,0,0,0,0,0,0,0,0,0,0,0,0,0,0,0,0,0,0,0,0,0,0,0,0,0,0,0,0,0,0,0,0,0,0,0,0,0,0,0,0,0,0,0,0,1,0,0,0,0,0,0,0,0,0,0,0,0,0,0,0,0,0,0,0,0,0,0,0,0,0,1,0,0,0,0,0,0,0,0,0,0,0,0,0,0,0,0,0,0,0,0,0,0,0,0,0,0,0,0,0,0,0,0,0,1,0,0,0,0,0,0,0,0,0,0,0,0,0,1,0,0,0,0,0,0,0,0,0,0,0,0,0,0,0,0,0,0,0,0,0,0,0,0,0,0,1,0,0,0,0,0,0,0,0,0,0,0,0
Ruminococcus,12,0,24,25,3,0,0,10,3,9,0,12,0,0,55,25,0,0,31,54,85,26,8,23,7,26,29,27,0,1,58,67,0,0,3,2,36,45,0,1,19,9,18,57,97,86,15,11,0,28,0,12,0,0,10,9,13,17,64,0,23,21,191,93,26,95,0,56,33,119,88,5,29,14,9,0,0,15,1,5,30,23,0,86,76,116,55,113,0,639,24,1,77,38,102,59,58,51,62,40,59,26,354,7,10,7,0,0,0,0,0,0,59,58,60,0,10,83,46,12,60,121,134,4,24,1,6,3,45,8,24,67,55,75,3,10,8,0,1,5,0,47,0,20,38,17,30,45,29,42,1,148,38,42,680,42,125,0,0,85,265,39,188,23,1207,307,3,868,5,12,49,59,495,43,1,7,207,16,21,88,96,15,33,7,48,89,0,17,0,1,0,2,0,0,74,0,3,0,0,0,36,5,4,8,3,144,24,2,2,39,15,84,7,19,26,152,30,47,20,68,37,42,0,122,42,86,47,57,39,91,40,53,59,2,1,27,15,0,0,4,144,4,33,3,11,29,5,5,16,54,68,154,12,35,56,0,53,24,534,7,111,50,24,13,2,0,87,33,61,69,48,13,0,15,1,50,21,249
Sarcina,0,0,0,0,0,0,0,0,0,0,0,0,0,0,0,0,0,0,0,0,0,0,0,0,0,0,0,0,0,0,0,0,0,0,0,0,0,0,0,0,0,0,0,0,0,0,0,0,0,0,0,0,0,0,0,0,0,0,0,0,0,0,0,0,0,0,0,0,0,0,0,0,0,0,0,0,0,0,0,0,0,0,0,0,0,0,0,0,0,0,0,0,0,0,0,0,0,0,0,0,0,0,0,0,0,0,0,0,1,0,0,0,0,8,0,0,0,0,0,0,0,0,0,0,0,0,0,0,0,0,1,0,0,0,0,0,0,0,0,0,0,0,0,0,0,0,0,0,0,0,0,0,0,0,0,0,0,0,0,0,0,0,0,0,0,0,0,0,0,0,0,0,0,0,0,0,0,0,0,0,0,0,0,0,0,0,0,0,0,0,0,0,0,0,0,0,0,0,0,2,0,0,0,0,0,0,0,0,0,0,0,0,2,0,0,0,0,0,0,0,0,0,0,0,0,0,0,0,0,0,0,1,0,0,0,0,0,0,0,0,0,0,0,0,0,0,0,0,0,0,0,0,0,0,0,0,0,0,0,0,0,0,0,0,0,0,0,0,0,0,0,0,0,0,0,0,0,0
Selenomonas,0,0,0,0,0,0,0,0,0,0,0,0,0,0,0,0,0,0,0,0,0,0,0,0,0,0,0,0,0,0,0,0,0,0,0,0,0,0,0,0,0,0,0,0,0,0,0,0,0,0,0,0,0,0,0,0,0,0,0,0,0,0,0,0,0,0,0,0,0,0,0,0,0,0,0,0,0,0,0,0,0,0,0,0,0,0,0,0,0,0,0,0,0,0,0,0,2,0,0,0,0,0,0,0,0,0,0,0,0,0,0,0,0,0,0,0,0,0,0,0,0,0,0,0,0,0,0,0,0,0,0,0,0,0,0,0,0,0,0,0,0,0,0,0,0,0,0,0,0,0,0,0,0,0,0,0,0,0,0,0,0,0,0,0,0,0,0,0,0,0,0,0,0,0,0,0,0,0,0,0,0,0,0,0,0,0,0,0,0,0,0,0,0,0,0,0,0,0,0,0,0,0,0,0,0,0,0,0,0,0,0,0,0,0,0,0,0,0,0,0,0,0,0,0,0,0,0,0,0,0,0,0,0,0,0,0,0,0,0,0,0,0,0,0,0,0,0,0,0,0,0,0,0,0,0,0,0,0,0,0,0,0,0,0,0,0,0,0,0,0,5,1,0,0,0,0,0,0
Slackia,0,0,0,0,0,0,0,0,0,0,0,0,2,4,0,0,0,0,0,0,0,1,0,0,1,1,1,0,0,0,0,0,0,0,0,0,0,0,0,0,0,0,0,0,0,0,0,0,0,1,0,0,0,0,4,0,0,0,0,0,0,0,0,0,0,0,0,0,0,0,1,0,0,0,0,0,0,0,0,0,0,0,0,2,1,0,0,0,0,0,0,3,0,0,0,0,0,0,0,0,1,0,1,0,0,0,0,0,0,0,0,0,0,0,0,0,0,0,0,0,0,0,0,0,2,1,0,0,0,0,0,0,0,0,1,0,0,0,0,0,0,0,0,0,1,1,0,1,0,0,0,1,0,0,0,2,0,0,0,0,0,0,0,9,10,0,0,0,1,0,0,0,0,5,1,1,3,0,2,0,0,33,3,0,0,1,0,0,3,3,49,0,0,0,0,2,4,0,0,0,0,0,0,0,0,0,0,0,0,0,0,0,2,0,0,0,0,0,0,0,0,0,2,0,0,0,0,0,0,0,0,2,0,0,0,0,0,0,0,1,0,0,0,0,1,0,0,0,0,0,0,0,0,1,0,0,0,2,0,0,0,0,0,1,0,0,0,0,0,0,0,0,0,0,0,0,0,0
Sneathia,0,0,0,0,0,0,0,0,0,0,0,0,0,0,0,0,0,0,0,0,0,0,0,0,0,0,0,0,0,0,0,0,0,0,0,0,0,0,0,0,0,0,0,0,0,0,0,0,0,0,0,0,0,0,0,0,0,0,0,0,0,0,0,0,0,0,0,0,0,0,0,0,0,0,0,0,0,0,0,0,0,0,0,0,0,0,0,0,0,0,0,0,0,0,0,0,0,0,0,0,0,0,0,0,0,0,0,0,0,0,0,0,0,0,0,0,0,0,0,0,0,0,0,0,0,0,0,0,0,0,0,0,0,0,0,0,0,0,0,0,0,0,0,0,0,0,0,0,0,0,0,0,0,0,0,0,0,0,0,0,0,0,0,0,0,0,0,0,0,0,0,0,0,0,0,0,0,0,0,0,0,0,0,0,0,0,0,0,0,0,0,0,0,0,0,0,1,0,0,0,0,0,0,0,0,0,0,0,0,0,0,0,0,0,0,0,0,0,0,0,0,0,0,0,0,0,0,0,0,0,0,0,0,0,0,0,0,0,0,0,0,0,0,0,0,0,1,0,0,0,0,0,0,0,0,0,0,0,0,0,0,0,0,0,0,0,0,0,0,0,0,0,0,0,0,0,0,0
Solirubrobacter,0,0,0,0,0,0,0,0,0,0,0,0,0,0,0,0,1,0,0,0,0,0,0,0,0,0,0,0,0,0,0,0,0,0,0,0,0,0,0,0,0,0,0,0,0,0,0,0,0,0,0,0,0,0,0,0,0,0,0,0,0,0,0,0,0,0,0,0,0,0,0,0,0,0,0,0,0,0,0,0,0,0,0,0,0,0,0,0,0,0,0,0,0,0,0,0,0,0,0,0,0,0,0,0,0,0,0,0,0,0,0,0,0,0,0,0,0,0,0,0,0,0,0,0,0,0,0,0,0,0,0,0,0,0,0,0,0,0,0,0,0,0,0,0,0,0,0,0,0,0,0,0,0,0,0,0,0,0,0,0,0,0,0,0,0,0,0,0,0,0,0,0,0,0,0,0,0,0,0,0,0,0,0,0,0,0,0,0,0,0,0,0,0,0,0,0,0,0,0,0,0,0,0,0,0,0,0,0,0,0,0,0,0,0,0,0,0,0,0,0,0,0,0,0,0,0,0,0,0,0,0,0,0,0,0,0,0,0,0,0,0,0,0,0,0,0,0,0,0,0,0,0,0,0,0,0,0,0,0,0,0,0,0,0,0,0,0,0,0,0,0,0,0,0,0,0,0,0
Solobacterium,0,0,0,0,0,0,0,0,0,0,0,0,0,0,0,0,0,0,0,0,0,0,0,0,0,0,0,0,0,0,0,0,0,0,0,0,0,0,0,0,0,0,0,0,0,1,0,0,0,0,0,1,0,0,0,0,0,0,0,0,0,0,0,0,0,0,0,0,0,0,0,2,3,0,2,0,0,0,0,0,0,0,0,0,0,0,0,0,0,0,0,0,0,0,0,0,0,0,0,0,0,0,0,0,0,0,0,0,0,0,0,0,0,0,0,0,0,0,0,0,0,0,0,0,6,0,0,0,0,0,0,0,0,0,0,0,0,0,0,0,0,0,0,0,0,0,0,0,0,0,0,0,0,0,0,0,0,0,0,0,0,1,1,0,0,0,0,0,0,0,0,0,0,0,0,0,0,0,0,0,0,0,0,0,0,0,0,0,0,0,0,0,0,0,0,0,0,0,0,0,0,0,0,0,0,0,0,0,0,0,0,0,0,0,0,0,0,0,0,0,0,0,0,0,0,0,0,0,0,0,0,0,0,0,0,0,0,0,0,0,0,0,0,0,0,0,0,0,0,0,0,0,2,0,0,0,0,0,0,0,0,0,0,0,0,0,0,0,9,0,0,0,0,0,0,0,0,0
Sphingomonas,0,0,0,0,0,0,0,0,0,0,0,0,0,0,0,0,0,0,0,0,0,0,0,0,0,0,0,0,0,0,0,0,0,0,0,0,0,0,0,0,0,0,0,0,0,0,0,0,0,0,0,0,0,0,0,0,0,0,0,0,0,0,0,0,0,0,0,0,0,0,0,0,0,0,0,0,0,0,0,0,0,0,0,0,0,0,0,0,0,0,0,0,0,0,0,0,0,0,0,0,0,0,0,0,0,0,0,0,0,0,0,0,0,0,0,0,0,0,0,0,0,0,0,0,0,0,0,0,0,0,0,0,0,0,0,0,0,0,0,0,0,0,0,0,0,0,0,0,0,0,0,0,0,0,0,0,0,0,0,0,0,0,0,0,0,0,0,0,0,0,0,0,0,0,0,0,0,0,0,0,0,0,0,0,0,0,0,0,0,0,0,0,0,0,0,0,0,0,0,0,0,0,0,0,0,0,0,0,0,0,0,0,0,0,0,0,0,0,0,0,0,0,0,0,0,0,0,0,0,0,2,0,0,0,0,0,0,0,0,0,0,0,0,0,0,0,0,0,0,0,0,0,0,0,0,0,0,0,0,0,0,0,0,0,0,0,0,0,0,0,0,0,0,0,0,0,0,0
Sporacetigenium,0,0,54,25,0,0,0,0,0,0,3,33,24,2,0,0,4,3,0,0,0,0,0,0,2,1,4,0,0,0,9,0,0,1,0,0,0,0,0,0,14,0,1,19,21,28,3,2,0,1,0,0,4,8,40,0,1,0,0,5,0,0,6,0,1,2,0,0,0,0,0,5,0,0,4,0,0,2,16,0,0,0,0,0,8,9,0,16,19,75,1,0,0,45,0,0,0,4,0,7,12,0,0,0,0,0,0,0,6,0,3,0,5,0,3,0,55,4,3,0,0,0,0,0,4,26,0,25,0,0,0,1,0,4,3,0,5,0,1,0,0,0,0,0,0,0,0,2,0,0,0,2,8,0,0,7,6,0,3,5,0,5,6,0,0,11,0,28,0,0,0,3,0,0,1,0,0,0,13,29,12,3,0,14,15,0,0,0,0,0,3,31,0,0,0,0,19,6,18,5,0,0,0,1,0,15,0,47,0,0,0,6,0,0,0,0,0,0,1,0,0,0,0,0,1,5,2,0,34,0,0,0,7,0,0,0,0,0,0,0,56,1,0,0,0,0,2,6,0,0,0,10,0,0,0,0,0,0,40,0,0,1,1,0,13,2,9,3,1,3,50,1,0,0,1,13,0,0
Sporobacter,0,0,0,0,0,0,0,0,0,0,0,1,0,0,0,0,5,0,1,0,3,5,0,0,0,0,0,0,0,1,0,0,0,0,0,0,0,0,0,0,0,0,0,0,0,0,0,0,0,0,8,0,0,0,0,0,1,0,0,0,0,0,0,0,0,0,0,0,2,2,0,1,3,0,0,9,0,1,0,0,0,0,4,0,0,2,1,0,0,0,7,0,0,1,0,0,0,6,3,0,5,0,0,0,3,0,0,0,0,0,0,0,0,0,0,4,20,0,0,0,0,0,0,0,2,0,2,0,0,0,0,0,1,3,0,0,0,0,0,0,0,0,0,4,0,0,0,0,0,0,0,0,0,0,0,0,0,0,0,0,1,0,0,1,0,0,0,0,0,0,0,0,0,0,0,0,15,0,0,0,0,0,0,2,14,0,0,6,2,0,0,0,0,0,0,0,0,0,0,0,0,0,0,0,0,0,0,0,0,0,0,0,0,0,0,0,2,0,0,0,0,0,0,17,0,0,1,0,0,0,0,33,1,0,0,0,0,0,0,0,0,0,0,0,0,0,1,0,0,0,2,10,0,0,0,0,6,0,15,2,0,0,0,0,0,0,0,1,0,0,16,0,0,0,0,0,0,13
Streptococcus,0,1,9,4,7,3,2,1,0,1,20,25,11,11,1,1,7,5,1,8,14,39,1,0,1,2,0,3,2,0,1,2,8,11,13,0,3,1,0,1,393,332,0,1,13,17,1,8,23,5,1,0,2,2,18,2,3,12,5,0,3,1,1,1,1,0,1,1,2,9,7,1,0,16,16,3,2,12,2,20,69,0,2,0,0,4,9,1,29,72,19,9,5,1,2,0,1,0,0,0,4,19,17,0,0,0,0,0,3,4,0,3,0,1,31,1,3,0,0,2,2,2,34,9,10,9,3,5,0,0,9,5,5,3,38,6,2,4,4,1,13,5,1,0,1,0,0,3,1,1,5,0,1,4,2,6,12,97,47,8,61,8,19,21,55,4,0,1,177,2,0,1,30,8,1,3,79,2,9,13,0,26,40,3,3,1,0,1,40,10,14,0,3,8,31,7,19,2,3,2,1,9,5,3,18,4,2,12,1,7,0,1,2,2,4,0,1,0,2,1,1,1,433,9,5,3,0,6,12,9,2,0,7,0,1,14,33,9,19,0,2,0,3,4,1,0,6,0,0,0,0,1,3,15,1,1,0,1,2,20,58,47,9,5,6,0,0,2,7,5,6,25,3,6,2,1,0,12
Subdoligranulum,52,8,13,33,34,25,5,10,4,7,4,0,104,23,1,15,11,1,38,160,29,39,8,16,6,22,28,30,56,14,146,133,0,44,38,6,6,15,0,0,13,39,32,36,127,61,23,5,82,12,22,3,0,1,44,23,58,78,75,39,25,64,71,59,284,22,5,42,25,163,327,15,14,21,8,53,78,115,134,87,33,15,43,19,8,147,67,8,37,934,20,68,28,23,68,112,66,24,14,18,71,37,276,9,12,7,0,0,26,21,8,19,18,105,19,16,297,314,241,172,45,66,154,24,20,32,27,82,14,54,26,65,96,84,2,27,10,52,115,14,2,75,43,28,221,51,48,24,89,58,2,242,10,2,20,60,377,0,3,42,60,36,67,9,87,261,409,194,61,0,5,90,381,31,107,38,371,36,8,21,25,6,94,12,67,226,45,10,3,7,582,53,18,0,0,21,204,9,3,0,4,0,0,135,10,20,0,7,0,3,1,100,69,63,68,85,38,8,1,15,12,5,1,24,12,128,60,33,6,25,0,58,21,0,0,74,46,0,10,4,47,12,18,2,55,30,31,17,127,47,20,254,29,61,12,0,106,167,542,31,35,72,40,16,25,19,51,100,126,122,41,46,0,11,11,0,4,148
Succiniclasticum,0,0,0,0,0,0,0,0,0,0,0,0,0,0,0,0,0,0,0,0,0,0,0,0,0,0,0,0,0,0,0,0,0,0,0,0,0,0,0,0,0,0,0,0,0,0,0,0,0,0,0,0,0,0,0,0,0,0,0,0,0,0,0,0,0,0,0,0,0,0,0,0,0,0,0,0,0,0,0,0,0,0,0,2,2,0,0,0,0,6,0,0,0,0,0,0,0,0,0,0,0,0,0,0,0,0,0,0,0,0,0,0,0,0,0,0,0,0,26,11,0,0,0,0,0,0,0,0,0,0,0,0,0,0,0,0,0,0,0,0,0,0,0,0,0,0,0,0,0,0,0,0,0,0,0,0,0,0,0,0,0,0,0,0,0,0,0,0,0,0,0,0,0,0,0,0,7,0,0,0,0,0,0,0,0,0,0,0,0,0,0,0,0,0,0,0,0,0,0,0,0,0,0,0,0,0,0,0,0,0,0,0,0,0,0,14,50,0,0,0,0,0,0,0,0,0,0,0,0,0,0,0,0,0,0,0,0,0,0,0,0,0,0,1,0,0,0,0,0,0,0,0,0,0,0,0,0,0,0,12,0,0,0,0,0,0,0,0,0,0,0,0,0,0,0,0,0,30
Sutterella,0,0,1,6,0,54,15,0,0,0,0,0,2,18,0,0,0,0,0,0,0,0,1,5,1,5,87,59,0,0,0,0,1,0,31,2,0,4,1,0,0,0,0,0,0,0,0,0,0,11,12,0,0,0,0,0,0,0,4,0,0,0,0,0,0,69,0,0,29,4,11,11,19,71,77,0,0,0,0,11,3,4,33,0,0,0,0,73,74,3,0,0,0,0,0,0,0,0,0,3,0,8,0,0,0,4,0,0,0,0,0,0,0,0,0,0,0,0,0,0,2,0,0,0,1,0,8,0,0,0,1,0,16,0,0,0,0,0,0,0,0,11,0,0,0,0,0,1,14,1,0,0,1,0,1,2,43,0,0,0,0,0,0,5,1,0,0,0,0,0,0,0,1,79,154,0,31,0,0,1,0,1,1,0,0,2,0,0,0,14,0,0,0,0,0,0,0,0,0,0,0,0,49,0,0,1,0,0,0,0,0,7,9,0,0,89,0,0,0,6,0,0,8,0,1,0,0,0,0,0,0,0,0,0,0,1,6,13,1,7,17,4,0,0,3,1,0,2,0,0,0,0,0,0,0,0,13,16,30,0,2,1,0,0,0,0,2,0,0,0,0,0,19,30,0,0,0,0
Syntrophococcus,0,0,0,0,0,0,0,0,0,0,0,0,0,0,0,0,0,0,0,0,0,0,0,0,0,0,0,0,0,0,0,0,0,0,0,0,0,0,0,0,0,1,0,0,0,0,0,0,0,0,0,0,0,0,0,0,0,0,0,0,0,0,0,0,0,1,0,0,0,0,0,0,0,0,0,0,0,0,0,0,0,0,0,0,0,0,0,0,0,0,0,0,1,0,1,0,0,0,0,0,0,0,0,0,0,0,0,0,0,0,0,0,0,0,0,0,0,0,0,0,0,0,0,0,0,0,0,0,0,0,0,0,0,0,0,0,0,0,0,0,1,0,0,1,0,1,0,0,0,0,0,0,0,0,0,0,0,0,0,0,0,0,0,1,0,1,0,0,0,0,0,0,0,0,0,0,0,0,0,0,0,0,0,0,0,0,0,0,0,0,0,0,0,0,0,0,0,0,0,0,0,0,0,0,0,0,0,0,0,0,0,0,0,0,0,0,0,0,0,0,0,0,0,0,0,0,0,0,0,0,0,0,1,0,0,0,0,0,0,0,0,0,0,0,0,0,0,0,0,0,0,0,0,0,0,0,0,0,0,0,0,0,0,0,0,0,0,0,1,0,0,0,0,0,0,0,0,0
Tepidibacter,0,4,8,0,0,0,0,0,0,0,0,0,0,0,0,0,0,0,0,0,0,0,3,0,0,0,0,0,0,0,0,0,0,2,1,0,0,0,0,0,2,0,0,1,3,0,0,0,1,0,1,0,0,0,7,0,1,0,0,0,0,0,0,0,0,0,0,0,0,11,0,0,0,0,0,0,0,0,0,0,1,0,0,0,0,0,0,0,0,0,0,0,5,9,0,0,0,0,18,3,0,0,1,0,0,0,2,0,0,0,9,0,0,0,0,4,19,0,0,0,0,14,0,14,9,0,0,0,0,0,0,6,0,0,1,0,0,0,1,0,0,0,7,0,0,0,0,0,0,0,3,0,0,2,0,0,0,2,0,0,0,18,7,0,0,0,0,0,0,0,0,0,0,0,3,0,1,0,0,9,0,0,3,0,12,0,0,0,0,0,0,0,0,0,0,0,1,0,0,3,0,0,0,0,7,0,0,1,0,0,0,0,0,4,0,0,0,1,0,7,0,1,0,0,3,1,2,0,22,0,0,0,0,0,0,0,5,0,0,0,4,0,0,0,0,0,0,0,0,0,2,0,1,0,0,0,0,1,35,0,0,1,0,0,0,1,0,0,2,0,5,0,0,0,0,0,0,0
Turicibacter,0,0,0,0,0,1,0,0,0,0,0,1,20,5,0,0,1,0,0,1,2,12,1,4,0,0,0,3,1,0,0,0,0,0,0,0,0,2,1,0,1,2,2,15,0,17,0,0,0,0,0,0,0,0,2,0,0,0,1,2,0,0,0,1,0,5,0,0,1,2,1,0,0,0,0,1,1,0,2,0,0,1,0,0,1,0,0,2,19,39,4,31,0,0,0,0,0,0,1,0,0,0,4,0,0,0,0,0,2,1,15,10,1,7,6,2,23,1,0,0,0,2,0,1,0,1,0,0,1,0,1,0,9,2,0,0,1,0,0,0,7,0,0,0,0,0,0,0,0,0,2,1,2,0,14,0,0,36,8,149,157,84,35,86,475,1,0,16,0,0,0,0,1,0,0,0,0,0,12,5,0,0,0,9,2,0,0,2,0,0,0,0,1,0,4,0,30,2,1,2,0,0,0,0,0,4,0,2,0,0,0,0,37,8,2,0,0,0,0,0,0,0,0,1,13,3,0,0,24,0,0,0,1,0,0,0,0,1,0,7,1,0,0,1,0,0,0,0,0,1,0,0,0,0,0,0,0,0,11,4,0,0,0,0,0,0,1,0,0,0,2,0,2,5,0,0,0,0
Uknown,206,196,429,365,564,408,248,287,157,599,372,475,507,333,340,316,447,580,1000,535,645,927,242,254,387,1114,290,311,477,238,657,562,460,476,303,16,310,679,897,668,238,299,568,681,672,476,272,407,413,291,273,300,895,614,539,409,353,120,276,237,230,291,696,612,461,234,215,952,387,690,1308,160,337,278,177,198,412,364,485,269,153,304,240,344,320,562,485,1490,1067,3582,425,3099,588,734,373,559,742,342,672,599,370,265,2435,136,183,209,479,235,309,314,430,425,772,760,1007,347,1046,430,815,444,545,511,527,302,372,342,338,718,151,265,190,395,723,595,298,174,340,466,573,253,1258,489,282,840,350,310,371,382,772,456,1446,783,434,373,2008,944,2447,1748,548,884,1770,1137,2505,553,2093,722,413,2757,312,717,2306,1058,3333,735,961,361,3496,313,649,728,369,422,954,340,607,1143,465,575,254,783,2049,1223,927,1180,3887,383,1447,1090,914,1938,706,1014,3536,4600,621,762,177,1074,180,691,382,556,524,1005,609,2713,799,513,174,322,333,605,680,879,523,414,364,431,615,335,607,398,516,343,368,533,287,363,370,121,1399,80,144,224,642,303,317,186,298,773,156,638,494,577,232,211,532,381,2143,312,654,356,489,190,748,589,520,372,332,364,784,287,634,270,199,424,191,1157
Varibaculum,0,0,0,0,0,0,0,0,0,0,0,0,0,0,0,0,0,0,0,0,0,0,0,0,0,0,0,0,0,0,0,0,0,0,0,0,0,0,0,0,0,0,0,0,0,0,0,0,0,0,0,0,0,0,0,0,0,0,0,0,0,0,0,0,0,0,0,0,0,0,0,0,0,0,0,0,0,0,0,0,0,0,0,0,0,0,0,0,0,0,0,0,0,0,0,0,0,0,0,0,0,0,0,0,0,0,0,0,0,0,0,0,0,0,0,0,0,0,0,0,0,0,0,0,0,0,0,0,0,0,0,0,0,0,0,0,0,0,1,0,0,0,0,0,0,0,0,0,0,0,0,0,0,0,0,0,0,0,0,0,0,0,0,0,2,0,0,0,0,0,0,0,0,0,0,0,0,0,0,0,0,0,0,0,0,0,0,0,0,0,0,0,0,0,0,0,0,0,0,0,0,0,0,0,0,0,0,0,0,0,0,0,0,0,0,0,0,0,0,0,0,0,0,0,0,0,0,0,0,0,0,0,0,0,0,0,0,0,0,0,0,0,0,0,0,0,0,0,0,0,0,0,0,0,0,0,0,0,0,0,0,0,0,0,0,0,0,0,0,0,0,0,0,0,0,0,0,0
Veillonella,0,1,0,0,1,0,2,0,0,0,3,7,0,0,0,0,3,4,0,0,0,0,0,0,0,0,0,0,0,0,0,0,5,3,0,0,0,0,0,0,0,0,0,0,6,0,0,0,3,0,1,0,0,0,0,2,0,0,0,0,0,0,0,0,0,0,0,0,0,0,0,0,0,0,4,0,0,1,0,2,0,0,0,0,0,0,0,0,0,0,0,0,0,0,0,0,0,0,0,0,0,0,2,0,2,5,2,5,0,0,0,0,0,0,0,0,0,0,0,0,0,2,0,1,0,1,1,0,0,1,1,1,0,0,1,0,1,0,0,0,1,0,0,1,0,0,0,0,0,0,1,0,0,0,61,0,0,0,0,0,5,0,0,0,0,0,0,0,0,0,0,0,0,0,0,0,0,0,0,0,0,0,0,0,1,0,0,0,0,0,0,0,0,2,1,4,0,88,68,11,0,0,2,0,0,0,0,0,0,0,0,0,0,0,0,0,0,0,0,0,0,0,0,0,0,0,0,0,4,0,0,0,0,0,0,1,3,0,11,1,0,0,0,0,2,1,0,0,1,0,0,0,0,0,0,0,0,0,0,0,0,0,0,0,0,0,0,0,0,0,0,0,0,1,1,0,0,0
Victivallis,0,0,0,0,0,0,0,0,0,0,0,0,0,0,0,0,0,0,0,0,2,0,0,0,0,3,0,0,0,0,0,0,0,0,0,0,0,0,0,0,0,1,0,0,0,0,0,0,0,0,0,0,0,0,0,0,0,0,0,0,0,0,0,0,0,0,0,0,0,0,1,0,0,0,0,0,0,0,0,0,0,0,0,0,0,0,0,2,2,0,0,0,0,0,1,0,0,1,0,0,0,0,0,0,0,0,0,0,0,0,0,0,0,0,0,0,0,0,0,0,0,2,0,0,0,0,0,0,0,0,0,0,0,0,0,0,0,0,0,0,0,0,0,0,0,0,0,0,0,0,0,1,0,0,0,0,0,0,0,0,0,0,0,0,0,0,0,0,0,0,0,0,0,1,0,0,0,0,1,0,0,0,0,0,0,0,0,0,0,0,0,0,0,0,0,0,0,0,0,0,0,0,0,0,0,0,0,0,0,0,0,0,0,0,0,1,0,0,0,0,0,0,0,0,0,0,0,0,0,0,0,0,0,0,0,0,0,0,0,0,0,0,0,0,0,0,0,0,0,0,0,0,0,0,0,0,0,0,0,0,0,0,0,0,0,0,0,0,0,0,0,0,0,0,0,0,0,0
Weissella,0,0,0,0,0,0,0,0,0,0,0,0,0,0,0,0,0,0,0,0,0,0,0,0,0,0,0,0,0,0,0,0,0,0,0,0,1,0,0,1,226,109,0,0,0,0,0,0,0,0,0,0,0,0,0,0,0,0,0,0,0,0,0,0,0,0,0,0,0,0,0,0,0,0,0,0,0,0,0,0,0,0,0,0,0,0,0,0,0,0,0,0,0,0,0,0,0,0,0,0,0,0,0,0,0,0,0,0,0,0,0,0,0,0,0,0,0,0,0,0,0,0,0,0,0,0,0,0,0,0,0,0,0,0,0,0,0,0,0,0,0,0,0,0,0,0,0,0,0,0,0,0,0,0,0,0,0,0,0,0,0,0,0,0,1,0,0,0,0,0,0,0,0,0,0,0,0,0,0,1,0,0,0,0,0,0,0,0,0,0,0,0,0,0,0,0,0,0,0,0,0,0,0,0,0,0,0,0,0,0,0,0,0,0,0,0,0,0,0,0,0,0,0,0,0,0,0,0,0,0,0,0,0,0,0,0,0,0,0,0,0,0,0,0,0,0,0,0,0,0,0,0,0,1,0,0,0,0,0,0,0,0,0,0,0,0,0,0,0,0,0,0,0,0,0,0,0,0
Xylanibacter,0,0,0,0,0,0,0,0,0,0,0,0,0,0,0,0,0,0,0,0,0,0,0,0,0,0,0,0,0,0,0,0,0,0,0,0,0,0,0,0,0,0,0,0,0,0,0,0,0,0,0,0,0,0,0,0,0,0,0,0,0,0,0,0,0,0,0,0,0,0,0,0,0,0,0,0,0,0,0,1,0,0,0,0,0,0,0,0,0,0,0,0,0,0,0,0,0,0,0,0,0,0,0,0,0,0,0,0,0,0,0,0,0,0,0,0,0,0,0,0,0,0,0,0,0,0,0,0,0,0,0,0,13,308,0,0,0,0,0,0,0,0,0,0,0,0,0,0,0,1,0,0,0,0,0,0,0,0,0,0,0,0,0,0,0,0,0,0,0,0,0,0,0,0,0,0,0,0,0,0,0,0,0,0,0,0,0,0,0,0,0,0,2,0,0,0,0,0,0,0,0,0,0,0,0,0,0,0,0,0,0,0,0,0,0,0,0,0,0,0,0,0,0,0,0,0,0,0,0,0,0,0,0,0,0,0,0,0,0,0,0,0,0,0,1,0,0,0,0,0,0,0,0,0,0,0,0,0,0,0,0,0,0,0,0,0,0,0,0,0,0,0,0,0,0,0,0,0
Zymophilus,0,0,0,0,0,0,0,0,0,0,0,0,0,0,0,0,0,0,0,0,0,0,0,0,0,0,0,0,0,0,0,0,0,0,0,0,0,0,0,0,0,0,0,0,0,0,0,0,0,0,0,0,0,0,0,0,0,0,0,0,0,0,0,0,0,0,0,0,0,0,0,0,0,0,0,0,0,0,0,0,0,0,0,0,0,0,0,0,0,0,0,0,0,0,0,0,0,0,0,0,0,0,0,0,0,0,0,0,0,0,0,0,0,0,0,0,0,0,0,0,0,0,0,0,0,0,0,0,0,0,0,0,0,0,0,0,0,0,0,0,0,0,0,0,0,0,0,0,0,0,1,0,0,0,0,0,0,0,0,0,0,0,0,0,0,0,0,0,0,0,0,0,0,0,0,0,0,0,0,0,0,0,0,0,0,0,0,0,0,0,0,0,0,0,0,0,0,0,0,0,0,0,0,0,0,0,0,0,0,0,1,0,0,0,0,0,0,0,0,0,0,0,0,0,0,0,0,0,0,0,0,0,0,0,0,0,0,0,0,0,0,0,0,0,0,0,0,0,0,0,0,0,0,0,0,0,0,0,0,0,0,0,0,0,0,0,0,0,0,0,0,0,0,0,0,0,0,0
